ath_gene	osa_gene
AT5G57710	Os08g0250900
AT5G14660	Os01g0637600
AT4G02390	Os01g0351200
AT4G16820	Os02g0653900
AT2G27080	Os01g0812100
AT5G57850	Os02g0273100
AT4G15510	Os07g0275100
AT1G31870	Os08g0178300
AT3G21330	Os01g0566800
AT2G26510	Os12g0583900
AT5G11810	Os02g0135600
AT4G09580	Os03g0703900
AT4G39952	Os04g0463800
AT5G62080	Os08g0546300
AT1G31600	Os04g0602700
AT5G13760	Os07g0656100
AT3G08020	Os12g0527800
AT2G01080	Os03g0262700
AT3G09860	Os03g0578200
AT5G24970	Os07g0459200
AT5G20935	Os07g0164200
AT1G55620	Os02g0720700
AT5G54290	Os11g0140800
AT3G09455	Os07g0620500
AT2G36530	Os03g0248600
AT3G56650	Os01g0805300
AT2G39940	Os05g0449500
AT4G32900	Os05g0520200
AT3G61110	Os02g0478700
AT3G49220	Os02g0288100
AT4G17050	Os07g0495000
AT4G30845	Os03g0210900
AT5G55130	Os02g0804600
AT3G21740	Os04g0628000
AT5G18920	Os05g0404300
AT5G61330	Os01g0526200
AT5G58240	Os11g0120600
ATMG01250	Os06g0484800
AT5G51660	Os04g0252200
AT3G05545	Os05g0154600
AT5G53650	Os05g0535700
AT1G07540	Os03g0274300
AT1G72880	Os01g0709400
AT2G44310	Os03g0411300
AT2G25800	Os09g0346700
AT5G05730	Os03g0826500
AT3G24503	Os01g0591000
AT4G16800	Os02g0654100
AT3G47440	Os04g0550800
AT1G55870	Os04g0467400
AT1G16560	Os05g0220100
AT1G60490	Os05g0180600
AT3G14400	Os05g0510300
AT2G38600	Os03g0332533
AT3G16760	Os03g0340700
AT2G24590	Os02g0789400
AT3G13225	Os06g0298400
AT5G48720	Os01g0918100
AT4G29010	Os02g0274100
AT1G47830	Os12g0207300
AT5G10630	Os01g0116600
AT1G62400	Os06g0636600
AT2G31530	Os05g0397700
AT2G30480	Os01g0167700
AT1G59540	Os11g0552600
AT5G08420	Os10g0452800
AT5G17790	Os01g0815700
AT5G52540	Os06g0107100
AT5G14210	Os11g0308800
AT5G40370	Os04g0508300
AT3G04160	Os04g0349401
AT4G11820	Os09g0521400
AT1G34270	Os04g0670600
AT5G14020	Os11g0514800
AT5G63110	Os08g0344100
AT2G38060	Os05g0451100
AT5G16750	Os04g0592700
AT5G16810	Os02g0694800
AT4G30990	Os01g0584800
AT5G19970	Os01g0647000
AT1G22660	Os12g0171200
AT3G46100	Os02g0754700
AT1G66345	Os01g0170800
AT3G15390	Os02g0639700
AT1G45150	Os07g0581300
AT5G47040	Os09g0533400
AT3G44530	Os09g0567700
AT5G41950	Os03g0113800
AT1G02850	Os05g0366600
AT2G39090	Os05g0149900
AT1G79490	Os04g0612800
AT3G11760	Os03g0649000
AT2G04550	Os06g0308100
AT4G11800	Os07g0106000
AT5G43100	Os07g0592200
AT3G26740	Os01g0102900
AT3G13750	Os01g0580200
AT2G39670	Os01g0973400
AT5G17250	Os10g0170300
AT1G28510	Os01g0242300
AT5G49410	Os08g0360000
AT5G08400	Os02g0827600
AT5G51020	Os11g0524300
AT5G43960	Os02g0131700
AT3G29400	Os01g0763750
AT4G00300	Os03g0124300
AT1G18030	Os09g0314400
AT5G09850	Os12g0165700
AT5G66330	Os02g0647300
AT1G79690	Os02g0793300
AT5G54580	Os07g0549800
AT1G29680	Os01g0728700
AT2G20740	Os04g0679900
AT4G16710	Os02g0467700
AT1G22050	Os02g0750600
AT4G23840	Os05g0212200
AT3G58530	Os02g0281150
AT5G46160	Os12g0616200
AT2G43370	Os09g0513700
AT2G38650	Os03g0330000
AT1G54390	Os03g0748200
AT3G66654	Os07g0476500
AT4G17000	Os03g0770900
AT1G49590	Os06g0215200
AT2G35730	Os01g0927300
AT5G56460	Os03g0159100
AT2G40120	Os05g0466900
AT1G79070	Os08g0129900
AT4G21445	Os04g0635700
AT4G20325	Os04g0476400
AT2G18390	Os02g0327100
AT1G74920	Os08g0424500
AT3G49725	Os03g0727900
AT4G35250	Os08g0553800
AT1G08130	Os10g0489200
AT1G80190	Os05g0453900
AT2G39470	Os03g0279950
AT4G15880	Os01g0355900
AT2G47300	Os11g0677500
AT2G45270	Os01g0295900
AT4G35790	Os09g0543100
AT1G56310	Os05g0357100
AT1G31650	Os02g0702600
AT1G58340	Os03g0229500
AT2G24280	Os06g0647400
AT4G09750	Os06g0590301
AT5G57670	Os08g0249100
AT4G17020	Os04g0680000
AT2G20330	Os10g0464100
AT4G31360	Os11g0704000
AT5G11580	Os01g0725600
AT3G49250	Os01g0235200
AT4G13690	Os10g0473950
AT1G74900	Os02g0679200
AT5G57800	Os09g0426800
AT3G29075	Os02g0743600
AT3G56870	Os03g0594700
AT2G37110	Os01g0157900
AT1G22460	Os06g0219400
AT5G57090	Os06g0660200
AT5G06530	Os03g0157400
AT5G11700	Os01g0187400
AT4G13070	Os06g0304500
AT1G71240	Os01g0869000
AT4G14790	Os03g0746500
AT4G27640	Os03g0261900
AT5G46920	Os10g0567500
AT5G53620	Os08g0543600
AT3G13700	Os06g0151200
AT5G44240	Os11g0446500
AT5G08450	Os07g0477500
AT3G24170	Os02g0813500
AT3G16270	Os01g0232400
AT3G19553	Os12g0580400
AT3G45180	Os11g0145400
AT5G46840	Os03g0854300
AT4G00350	Os08g0562800
AT4G16470	Os06g0625800
AT5G40520	Os09g0103200
AT2G04780	Os09g0482780
AT4G02560	Os01g0934300
AT4G21150	Os01g0911200
AT2G46560	Os01g0551900
AT3G47640	Os07g0628500
AT5G15550	Os07g0600400
AT5G14050	Os07g0603200
AT3G55480	Os01g0973300
AT1G02090	Os07g0490800
AT3G28670	Os08g0101400
AT5G53450	Os01g0655500
AT1G67730	Os04g0483500
AT1G35680	Os02g0259600
AT2G39710	Os03g0271900
AT5G64040	Os12g0189400
AT4G00570	Os10g0503500
AT1G14310	Os08g0169800
AT5G65540	Os03g0802300
AT5G19440	Os01g0528800
AT5G64170	Os03g0387900
AT4G22300	Os04g0669500
AT5G53060	Os06g0342500
AT1G77330	Os05g0149400
AT5G14460	Os05g0108000
AT3G04950	Os06g0298500
AT1G76240	Os06g0725500
AT5G41920	Os07g0567700
AT5G37510	Os03g0713400
AT3G17770	Os03g0719300
AT5G01530	Os07g0558400
AT4G00231	Os03g0118900
AT1G51310	Os03g0174600
AT5G09820	Os04g0422000
AT1G66230	Os09g0401000
AT3G14075	Os02g0780700
AT5G40500	Os04g0482900
AT5G35460	Os01g0585100
AT3G10030	Os04g0405800
AT5G51050	Os06g0604500
AT1G23230	Os02g0732700
AT1G60140	Os08g0414700
AT5G08060	Os01g0763300
AT1G20850	Os05g0108600
AT3G19990	Os02g0828200
AT1G51580	Os09g0498600
AT1G50430	Os02g0465400
AT3G27180	Os01g0920300
AT3G12910	Os03g0777000
AT1G68220	Os08g0261100
AT3G51780	Os01g0831200
AT2G47470	Os01g0339900
AT1G68010	Os02g0101500
AT3G15095	Os06g0352900
ATCG00040	Os11g0517350
AT1G01960	Os03g0246800
AT3G52040	Os01g0271700
AT2G04620	Os08g0422200
AT3G17880	Os09g0401200
AT1G03950	Os10g0476400
AT3G51500	Os02g0193500
AT1G18335	Os05g0387800
AT4G32730	Os12g0238000
AT3G01180	Os02g0744700
AT5G55760	Os04g0271000
AT1G09815	Os09g0520100
AT1G35720	Os06g0221200
AT1G20300	Os09g0542800
AT4G34410	Os09g0457900
AT5G20250	Os06g0172800
AT1G09010	Os05g0391500
AT5G64230	Os02g0754600
AT2G43400	Os10g0516300
AT1G75100	Os03g0198300
AT3G51520	Os06g0326700
AT4G00800	Os02g0124700
AT1G09220	Os01g0815900
AT1G15080	Os08g0359200
AT1G51720	Os01g0558200
AT1G13870	Os11g0312340
AT2G41020	Os01g0916300
AT3G52170	Os12g0528000
AT1G66170	Os03g0716200
AT5G02220	Os01g0843700
AT5G05920	Os03g0740600
AT1G47740	Os03g0198500
AT5G44030	Os10g0467800
AT2G36980	Os09g0520300
AT1G68200	Os05g0576300
AT1G53270	Os01g0615500
AT5G11680	Os09g0512900
AT1G17665	Os01g0197400
AT4G13590	Os11g0544500
AT4G15770	Os07g0670600
AT3G25970	Os08g0375800
AT1G73980	Os02g0708200
AT2G47710	Os12g0552500
AT3G20260	Os08g0519600
AT3G56500	Os03g0322200
AT3G19230	Os03g0184400
AT5G08520	Os04g0676700
AT4G33670	Os12g0482700
AT5G05840	Os03g0267500
AT5G48930	Os04g0500700
AT3G10915	Os03g0336600
AT2G26770	Os01g0805700
AT1G78560	Os04g0381100
AT3G62580	Os12g0557400
AT4G27540	Os09g0134400
AT1G44900	Os11g0484300
AT1G62780	Os04g0105700
AT1G11050	Os05g0423500
AT5G52440	Os11g0580800
AT2G46890	Os04g0105300
AT1G06960	Os03g0298800
AT1G67950	Os03g0713600
AT2G30700	Os10g0534100
AT5G11310	Os01g0506100
AT4G33090	Os02g0218200
AT1G61040	Os12g0535900
AT2G46000	Os03g0148300
AT1G73430	Os08g0451000
AT3G58630	Os05g0560600
AT2G45130	Os03g0406100
AT2G44810	Os11g0146600
AT2G38550	Os01g0821700
AT2G46020	Os02g0114033
AT4G02020	Os03g0307800
AT5G15400	Os03g0427900
AT1G72275	Os04g0644200
AT1G44920	Os03g0729100
AT2G31980	Os01g0915200
AT5G62270	Os01g0801700
AT4G19980	Os06g0666800
AT1G24706	Os01g0916800
AT1G30950	Os06g0665400
AT5G54680	Os07g0543000
AT1G05030	Os09g0394500
AT1G55370	Os03g0748300
AT5G49510	Os12g0562900
AT4G20050	Os04g0613200
AT5G54310	Os07g0563800
AT1G28410	Os02g0305600
AT5G22580	Os11g0150400
AT5G42070	Os01g0235100
AT2G38370	Os03g0339700
AT2G43650	Os01g0104800
AT1G62520	Os10g0554001
AT4G37870	Os03g0255500
AT3G03630	Os01g0814800
AT1G56720	Os01g0323000
AT1G54050	Os02g0782500
AT2G41945	Os06g0206200
AT1G72610	Os08g0460000
AT3G54130	Os01g0851400
AT5G61830	Os01g0929500
AT1G63440	Os04g0556000
AT2G18050	Os04g0253000
AT1G29700	Os12g0641300
AT3G52905	Os01g0764700
AT3G57280	Os04g0470300
AT2G19490	Os01g0901200
AT1G11660	Os06g0679800
AT2G41460	Os01g0801000
AT5G67030	Os04g0448900
AT1G16210	Os04g0561600
AT1G28380	Os05g0557400
AT1G33390	Os02g0736600
AT1G07970	Os03g0288800
AT5G13080	Os11g0490900
AT1G14810	Os03g0760700
AT1G15130	Os10g0495300
AT3G60220	Os04g0586700
AT1G14750	Os03g0225200
AT5G52190	Os04g0568600
AT5G62760	Os02g0215000
AT5G20200	Os03g0788250
AT2G03810	Os04g0467100
AT1G48050	Os03g0856200
AT1G30840	Os01g0680200
AT2G39570	Os05g0113000
AT4G11570	Os09g0569100
AT5G44180	Os05g0562400
AT1G74730	Os01g0585300
AT1G26640	Os01g0764600
AT5G48310	Os02g0198400
AT1G75150	Os03g0809400
AT2G35920	Os10g0471350
AT4G00850	Os12g0496900
AT1G03920	Os10g0476100
AT1G49405	Os03g0767900
AT3G08560	Os05g0480700
AT1G27150	Os03g0689900
AT4G34260	Os10g0339600
AT3G27030	Os02g0509500
AT1G67840	Os12g0292900
AT2G43060	Os04g0660100
AT1G03900	Os10g0476000
AT4G33470	Os12g0182700
AT2G35900	Os01g0771200
AT1G08760	Os08g0541500
AT3G51550	Os01g0769700
AT1G59640	Os03g0802900
AT1G17850	Os03g0861700
AT5G11480	Os01g0732200
AT1G03160	Os05g0390100
AT4G37420	Os06g0727900
AT2G26260	Os03g0405000
AT2G21610	Os01g0634600
AT1G74340	Os11g0311550
AT5G05950	Os07g0240400
AT5G02250	Os01g0841800
AT2G24860	Os09g0423700
AT2G47940	Os05g0147500
AT5G06430	Os11g0592900
AT4G10970	Os08g0374200
AT1G53760	Os02g0152600
AT4G36690	Os11g0636900
AT2G38780	Os05g0381500
AT2G25570	Os02g0202600
AT1G63970	Os02g0680600
AT2G18890	Os04g0654600
AT5G08550	Os03g0853700
AT1G19110	Os03g0407000
AT2G44580	Os05g0119600
AT2G41475	Os01g0172800
AT2G28190	Os08g0561700
AT1G05180	Os03g0820100
AT2G14045	Os07g0185800
AT2G33180	Os09g0481800
AT1G56290	Os03g0740700
AT4G16570	Os06g0105500
AT2G47820	Os07g0568200
AT1G21640	Os11g0191400
AT1G29810	Os01g0663500
AT5G22750	Os02g0527100
AT4G02715	Os03g0160200
AT5G15450	Os03g0426900
AT5G08370	Os10g0493600
AT5G58030	Os01g0708600
AT4G37650	Os07g0586900
AT4G02460	Os02g0592300
AT5G49880	Os01g0877300
AT2G38500	Os01g0823400
AT5G60410	Os05g0125000
AT3G05100	Os07g0667400
AT5G53550	Os04g0542200
AT1G70760	Os05g0348100
AT3G02260	Os09g0247700
AT3G55580	Os05g0456925
AT1G11000	Os11g0181400
AT3G56370	Os03g0335500
AT5G19540	Os08g0387500
AT5G50960	Os04g0485400
AT5G57300	Os01g0976600
AT4G09680	Os09g0376000
AT5G52970	Os07g0534000
AT4G02050	Os09g0416200
AT1G31780	Os03g0225600
AT1G60360	Os02g0767600
AT1G67900	Os04g0477000
AT5G50100	Os04g0668800
AT5G35560	Os02g0777100
AT5G40400	Os01g0546700
AT2G36630	Os03g0726500
AT4G33467	Os12g0187800
AT3G62810	Os05g0363600
AT1G79280	Os02g0741500
AT1G54210	Os06g0205000
AT5G39040	Os03g0755100
AT3G25440	Os04g0492900
AT1G31500	Os05g0389500
AT2G29900	Os03g0603800
AT5G01930	Os05g0319100
AT1G49170	Os04g0686300
AT1G67400	Os11g0483900
AT5G03080	Os03g0288700
AT2G44530	Os03g0100040
AT2G38730	Os03g0811600
AT4G02120	Os12g0556600
AT1G54150	Os03g0177300
AT3G25940	Os03g0711700
AT4G10465	Os03g0120400
AT3G55530	Os03g0272300
AT1G03650	Os10g0500400
AT3G20910	Os03g0696300
AT5G19300	Os04g0244500
AT4G10710	Os04g0321600
AT5G61510	Os03g0101600
AT4G01570	Os03g0712900
AT1G61690	Os03g0669800
AT5G47360	Os03g0225300
AT4G20150	Os07g0498300
AT3G12380	Os01g0144340
AT4G33640	Os03g0690000
AT5G49830	Os07g0200000
AT1G27660	Os01g0105700
AT1G80350	Os01g0683100
AT2G36310	Os08g0557900
AT3G52860	Os05g0154900
AT1G75660	Os01g0872700
AT2G13290	Os12g0611900
AT4G00026	Os03g0253800
AT1G31730	Os01g0916200
AT3G07510	Os10g0178200
AT1G26470	Os05g0512500
AT5G19320	Os05g0543200
AT1G16445	Os05g0511700
AT4G24680	Os12g0566200
AT1G47410	Os09g0460100
AT1G21710	Os02g0552600
AT3G21510	Os08g0557700
AT2G46100	Os04g0578200
AT2G26330	Os06g0203800
AT2G04900	Os03g0751000
AT5G12250	Os01g0805900
AT1G49040	Os01g0575500
AT1G04290	Os04g0436100
AT1G55340	Os05g0541700
AT1G79230	Os12g0608600
AT1G67420	Os07g0295800
AT2G04160	Os09g0479900
AT4G07390	Os07g0479200
AT1G43700	Os11g0160500
AT5G11980	Os12g0538300
AT5G13030	Os06g0320700
AT5G10720	Os06g0654300
AT1G48100	Os01g0329300
AT1G23070	Os03g0406900
AT5G02110	Os11g0706801
AT3G12260	Os07g0640100
AT1G17640	Os02g0221500
AT4G21390	Os07g0551300
AT3G24590	Os02g0267000
AT5G24300	Os06g0160700
AT4G03280	Os07g0556200
AT1G43580	Os04g0423700
AT2G28470	Os03g0255100
AT1G59710	Os03g0801900
AT3G02330	Os10g0558600
AT3G52070	Os03g0217000
AT4G37920	Os01g0306800
AT2G41120	Os11g0130200
AT5G05450	Os01g0164500
ATCG00070	Os11g0592350
AT3G25800	Os09g0249700
AT1G66140	Os03g0239300
AT5G04560	Os01g0218032
AT4G30360	Os02g0789100
AT4G32272	Os02g0614100
AT3G52140	Os02g0717400
AT1G64380	Os05g0572000
AT5G38460	Os07g0164500
AT1G60230	Os01g0640800
AT5G45290	Os05g0389600
AT1G63850	Os04g0579700
AT5G54980	Os02g0219900
AT3G63510	Os04g0278900
AT3G15120	Os01g0668300
AT5G24320	Os03g0115400
AT5G10700	Os04g0605200
AT1G75210	Os03g0774300
AT5G65090	Os02g0751900
AT2G43950	Os02g0608900
AT1G10390	Os12g0165900
AT1G74520	Os06g0226600
AT4G35987	Os03g0243800
AT3G43520	Os04g0653100
AT3G07880	Os02g0719000
AT2G30530	Os05g0315200
AT2G46150	Os02g0265800
AT4G01395	Os02g0456000
AT4G16566	Os04g0535400
AT2G34357	Os02g0782100
AT5G38660	Os08g0359000
AT5G12200	Os01g0807900
AT4G38010	Os04g0488200
AT3G05210	Os10g0518900
AT1G30450	Os08g0323700
AT1G73930	Os03g0259700
AT4G38220	Os08g0511900
AT5G50890	Os01g0751600
AT1G67060	Os02g0221600
AT5G15900	Os01g0652800
AT1G06050	Os08g0152600
AT4G01320	Os02g0680400
AT4G28030	Os08g0260000
AT1G18265	Os04g0463200
AT1G63940	Os08g0151800
AT3G05675	Os07g0668800
AT4G31990	Os02g0797500
AT1G62730	Os06g0104100
AT1G26940	Os11g0602900
AT1G07090	Os01g0828900
AT5G06680	Os09g0446200
AT2G40390	Os01g0165100
AT1G03620	Os04g0101700
AT5G53340	Os08g0386700
AT3G52490	Os04g0416500
AT1G19220	Os02g0141100
AT3G04780	Os03g0795500
AT4G10800	Os06g0129200
AT4G25270	Os03g0852700
AT1G54100	Os09g0440300
AT1G03600	Os03g0333400
AT5G48430	Os01g0937200
AT4G20960	Os03g0117200
AT5G19350	Os03g0174100
AT2G16385	Os01g0260800
AT2G02880	Os03g0379400
AT4G22970	Os02g0770700
AT2G28800	Os01g0151200
AT3G25470	Os11g0247400
AT5G40950	Os01g0924000
AT4G10090	Os03g0284000
AT5G19570	Os05g0188300
AT1G11120	Os07g0565500
AT4G38200	Os06g0622800
AT5G50210	Os12g0290150
AT3G04500	Os08g0567200
AT3G57230	Os02g0579600
AT5G12010	Os01g0582600
AT5G15920	Os05g0596600
AT1G04700	Os12g0594300
AT1G62340	Os04g0543700
AT1G32070	Os05g0481000
AT5G58130	Os02g0138200
AT1G17440	Os01g0846900
AT5G12220	Os12g0189900
AT3G05890	Os07g0635900
AT3G46560	Os12g0571200
AT1G12350	Os02g0575200
AT1G30870	Os07g0499500
AT3G20330	Os08g0248800
AT5G10810	Os04g0499200
AT2G17033	Os02g0120000
AT4G24480	Os04g0610900
AT2G34560	Os01g0673500
AT5G10750	Os06g0698500
AT5G52820	Os11g0594200
AT3G51730	Os01g0166700
AT5G20110	Os01g0555600
AT5G60740	Os11g0416900
AT1G50480	Os09g0446800
AT4G22190	Os11g0497350
AT1G64770	Os03g0158300
AT4G31040	Os08g0224300
AT5G01310	Os03g0293400
AT1G59820	Os10g0412000
AT1G67620	Os12g0241100
AT1G18270	Os06g0258900
AT2G36480	Os09g0566100
AT2G15560	Os08g0230500
AT5G16630	Os08g0427500
AT1G47380	Os02g0567200
AT4G32780	Os01g0231600
AT1G76080	Os07g0476900
AT1G26090	Os02g0711200
AT5G27680	Os05g0150600
AT5G46550	Os07g0507700
AT4G24930	Os01g0102300
AT5G24350	Os12g0233600
AT3G15150	Os05g0563500
AT1G30620	Os07g0139400
AT5G45700	Os05g0205100
AT2G26910	Os01g0177900
AT3G50420	Os04g0672700
AT3G14730	Os01g0818200
AT5G23880	Os09g0569400
AT5G67130	Os09g0115600
AT1G20540	Os08g0554000
AT5G38890	Os02g0815800
AT1G25510	Os01g0140100
AT3G20740	Os08g0137100
AT4G33440	Os08g0107300
AT2G36930	Os08g0564500
AT5G52800	Os07g0467900
AT5G45580	Os02g0700300
AT1G27460	Os03g0200600
AT4G34910	Os03g0728800
AT3G26085	Os05g0295200
AT2G35450	Os04g0391900
AT1G35530	Os11g0180600
AT3G18390	Os05g0551900
AT1G67500	Os07g0669000
AT5G45310	Os01g0962100
AT1G78150	Os07g0623600
AT2G38920	Os03g0650900
AT3G46210	Os03g0854200
AT5G63200	Os01g0906600
AT5G52570	Os03g0125100
AT5G14100	Os11g0490800
AT3G57990	Os09g0491676
AT5G19940	Os04g0607000
AT5G25590	Os05g0394200
AT2G02410	Os03g0843200
AT5G05365	Os01g0826000
AT2G39190	Os02g0805800
AT1G30520	Os08g0130400
AT5G01720	Os12g0108500
AT3G02830	Os11g0472000
AT5G61410	Os03g0169100
AT4G01470	Os01g0975900
AT1G27752	Os03g0205000
AT4G22540	Os08g0154900
AT1G12940	Os01g0704100
AT1G10020	Os07g0133500
AT5G18600	Os01g0368900
AT2G03630	Os07g0298100
AT3G19490	Os09g0109800
AT1G71760	Os01g0716300
AT1G52220	Os01g0761000
AT5G35100	Os08g0292600
AT3G59770	Os01g0355600
AT5G20635	Os09g0441900
AT4G32620	Os01g0179500
AT5G27720	Os01g0256900
AT2G31290	Os06g0265900
AT1G75390	Os02g0132500
AT1G10095	Os01g0684800
AT3G56950	Os03g0320000
AT1G15240	Os05g0583500
AT1G12244	Os10g0555200
AT5G45680	Os06g0663800
AT4G11640	Os04g0555900
AT4G16970	Os10g0563500
AT1G27390	Os01g0921600
AT1G55900	Os01g0762400
AT1G77380	Os05g0424000
AT5G47690	Os06g0286351
AT5G51100	Os06g0115400
AT5G67385	Os03g0206700
AT1G47510	Os03g0626500
AT5G67270	Os10g0498900
AT3G47850	Os05g0220900
AT1G55160	Os05g0593200
AT1G20190	Os04g0228400
AT4G08330	Os01g0833400
AT5G43210	Os11g0146550
AT2G04340	Os09g0478400
AT1G70180	Os04g0465000
AT5G51960	Os11g0133900
AT2G25970	Os02g0224300
AT1G13340	Os03g0710000
AT5G63010	Os04g0507900
AT1G19485	Os01g0858000
AT5G53950	Os06g0344900
AT1G64880	Os02g0102400
AT1G23280	Os07g0270900
AT5G16530	Os01g0919800
AT1G30500	Os12g0613000
AT3G09040	Os04g0514500
AT2G33760	Os12g0181900
AT4G21210	Os07g0530600
AT4G32870	Os01g0724700
AT3G10080	Os02g0532500
AT5G63220	Os01g0164700
AT1G76760	Os01g0963400
AT4G32060	Os04g0502900
AT3G04870	Os07g0204900
AT3G17910	Os03g0200700
AT3G13226	Os04g0667900
AT1G29630	Os01g0777300
AT2G40460	Os05g0335800
AT2G35500	Os10g0577700
AT5G56120	Os08g0496600
AT3G08960	Os07g0693400
AT2G43235	Os05g0299200
AT1G80710	Os08g0282500
AT5G47860	Os04g0405600
AT2G13680	Os06g0182300
AT5G39590	Os04g0663700
AT4G01710	Os11g0557900
AT3G24490	Os01g0718900
AT5G61770	Os03g0343700
AT5G46420	Os05g0566300
AT4G26000	Os10g0564000
AT5G04050	Os06g0659200
AT3G59410	Os04g0492600
AT1G22960	Os12g0152600
AT2G15890	Os03g0765500
AT1G03780	Os07g0507200
AT1G12800	Os02g0115600
AT3G04600	Os12g0540900
AT1G31175	Os07g0567500
AT4G24750	Os02g0596000
AT2G26830	Os09g0438400
AT3G07770	Os12g0514500
AT1G21350	Os07g0260300
AT4G26020	Os02g0148600
AT3G26410	Os02g0556400
AT4G25130	Os10g0563600
AT5G04460	Os02g0823300
AT3G63410	Os07g0179300
AT2G24230	Os08g0276400
AT3G58720	Os09g0344900
AT4G21660	Os02g0827300
AT4G15830	Os01g0931200
AT5G46400	Os08g0379000
AT4G14110	Os04g0428900
AT2G15020	Os03g0375200
AT5G38560	Os01g0110500
AT1G07350	Os03g0265600
AT4G23650	Os05g0585500
AT3G57170	Os05g0290300
AT3G62630	Os03g0303100
AT4G34830	Os10g0181200
AT5G39785	Os09g0413600
AT2G38840	Os07g0181700
AT5G06580	Os07g0163000
AT2G36810	Os03g0146600
AT4G16640	Os10g0557900
AT2G39970	Os03g0265300
AT3G50370	Os03g0395600
AT5G58270	Os06g0128300
AT5G56960	Os06g0570900
AT3G09925	Os10g0546100
AT1G69180	Os03g0215200
AT1G23360	Os04g0507800
AT5G19820	Os07g0575100
AT5G37830	Os01g0966000
AT1G30550	Os06g0187100
AT5G39360	Os03g0427000
AT5G58760	Os01g0141700
AT5G26790	Os03g0313800
AT1G73720	Os01g0322800
AT2G05120	Os03g0225500
AT3G26610	Os01g0549000
AT2G42820	Os01g0728150
AT1G45976	Os03g0263800
AT3G26380	Os01g0518500
AT2G20410	Os03g0860000
AT3G23250	Os02g0624300
AT5G51150	Os07g0494900
AT3G24140	Os05g0586300
AT1G64510	Os03g0843400
AT1G65295	Os11g0463700
AT3G16240	Os06g0336200
AT4G32650	Os06g0254200
AT5G08160	Os09g0372800
AT3G18210	Os01g0502400
AT3G19860	Os02g0433600
AT1G32360	Os08g0159800
AT5G03415	Os10g0440100
AT3G18020	Os07g0674300
AT3G10130	Os02g0533200
AT4G16440	Os03g0748700
AT3G47800	Os03g0381000
AT1G02640	Os11g0673200
AT3G56160	Os02g0531200
AT1G10460	Os03g0179100
AT2G40660	Os01g0821800
AT4G23060	Os04g0569900
AT3G18890	Os10g0100300
AT5G27290	Os01g0382700
AT1G73580	Os07g0108400
AT3G25570	Os02g0611200
AT3G59380	Os09g0514400
AT1G12470	Os08g0178100
AT1G74600	Os09g0413300
AT4G01940	Os03g0314700
AT5G43050	Os04g0488600
AT3G51840	Os01g0159400
AT1G80940	Os02g0793900
AT5G66380	Os03g0734700
AT5G24710	Os01g0653800
AT2G42800	Os05g0530701
AT1G06560	Os08g0365900
AT5G24850	Os06g0661800
AT4G30490	Os08g0265500
AT2G04235	Os06g0608100
AT5G59790	Os01g0839200
AT5G15730	Os06g0283300
AT5G13240	Os04g0662900
AT5G53920	Os05g0497675
AT4G27940	Os08g0386800
AT3G62980	Os05g0150500
AT2G34460	Os06g0360300
AT4G25080	Os06g0132400
AT3G18660	Os01g0880200
AT4G01897	Os03g0564200
AT5G18420	Os11g0240900
AT5G62030	Os02g0815600
AT2G17510	Os03g0129200
AT1G79040	Os08g0200300
AT1G05270	Os05g0499500
AT1G49230	Os04g0419550
AT2G28320	Os10g0479800
AT4G10320	Os06g0645400
AT4G11440	Os02g0665200
AT4G32400	Os05g0171300
AT2G39440	Os02g0168900
AT1G05385	Os03g0747700
AT3G61250	Os02g0641900
AT2G33385	Os04g0512300
AT2G40890	Os05g0494000
AT1G02970	Os02g0135300
AT3G50780	Os03g0769400
AT1G75560	Os10g0545300
AT5G09970	Os10g0403000
AT3G14900	Os04g0497900
AT5G06750	Os02g0685600
AT4G24700	Os02g0595200
AT3G28970	Os07g0631000
AT5G50390	Os08g0138600
AT4G18770	Os06g0162700
AT4G16563	Os04g0535200
AT3G50520	Os08g0476400
AT4G01800	Os01g0321300
AT3G56840	Os01g0809900
AT5G46060	Os08g0377500
AT1G80670	Os08g0176800
AT5G61380	Os02g0618200
AT4G27670	Os03g0245800
AT3G14920	Os01g0207200
AT1G03370	Os06g0297800
AT4G13040	Os02g0499000
AT1G71270	Os03g0417900
AT3G04650	Os12g0597400
AT5G04000	Os05g0496000
AT3G05390	Os06g0474300
AT5G24470	Os09g0532400
AT1G08030	Os06g0158200
AT4G27800	Os01g0552300
AT5G19850	Os07g0575800
AT5G64860	Os07g0627000
AT1G61590	Os03g0364400
AT2G45240	Os10g0508400
AT5G23260	Os02g0170300
AT5G53045	Os02g0305800
AT5G07250	Os09g0525900
AT3G03750	Os01g0772150
AT1G07320	Os03g0265400
AT3G03810	Os05g0132500
AT2G34050	Os02g0312700
AT2G40690	Os07g0229800
AT3G07810	Os11g0637700
AT1G52760	Os02g0207900
AT5G04140	Os07g0658400
AT2G35320	Os06g0110100
AT2G31410	Os02g0595400
AT3G56190	Os08g0282400
AT1G71220	Os02g0664100
ATCG00560	Os03g0667201
AT1G21370	Os04g0438500
AT3G07750	Os12g0403800
AT5G03250	Os01g0780600
AT3G47450	Os02g0104700
AT3G19210	Os02g0762800
AT3G18860	Os07g0123700
AT1G71010	Os08g0428900
AT2G39950	Os07g0100500
AT5G11330	Os06g0597600
AT3G06790	Os03g0581600
AT1G79120	Os03g0668400
AT2G40070	Os01g0141900
AT1G02160	Os04g0665000
AT4G17040	Os01g0271400
AT1G05200	Os06g0680500
AT1G06590	Os12g0626300
AT3G57150	Os07g0636000
AT5G01260	Os05g0446900
AT5G41800	Os05g0586500
AT3G11110	Os01g0830900
AT5G08640	Os02g0767300
AT5G06610	Os03g0167400
AT3G24660	Os08g0564700
AT2G05990	Os08g0327400
AT5G58250	Os03g0331600
AT5G38360	Os04g0381400
AT1G12650	Os09g0525200
AT2G42450	Os09g0571500
AT4G27870	Os06g0103800
AT5G24400	Os09g0529100
AT5G26760	Os05g0134300
AT3G04710	Os05g0103600
AT2G46230	Os06g0158600
AT3G03380	Os02g0712000
AT4G17170	Os02g0586400
AT1G62640	Os04g0643300
AT4G25315	Os09g0516800
AT3G58610	Os01g0652600
AT3G21290	Os03g0187100
AT5G53190	Os05g0214300
AT1G80870	Os08g0275200
AT2G28370	Os03g0206600
AT3G56640	Os03g0163500
AT2G44830	Os04g0546300
AT4G01870	Os07g0638100
AT5G50280	Os05g0294600
AT5G61750	Os11g0537350
AT3G55830	Os06g0705000
AT4G23820	Os02g0256100
AT3G03610	Os03g0322800
AT3G54110	Os11g0707800
AT5G09995	Os06g0225400
AT5G09920	Os02g0116900
AT2G28550	Os05g0121600
AT5G19151	Os05g0532800
AT4G27600	Os10g0573000
AT5G05570	Os07g0693700
AT5G50375	Os11g0302500
AT5G49530	Os08g0268900
AT5G27380	Os12g0528400
AT2G26430	Os01g0377500
AT1G77700	Os04g0689900
AT3G26750	Os02g0130900
AT2G42620	Os06g0154200
AT3G01790	Os08g0162033
AT1G12420	Os08g0118100
AT5G17240	Os07g0471100
AT2G22250	Os01g0871300
AT4G38062	Os03g0691500
AT1G26550	Os09g0411700
AT5G44200	Os02g0612300
AT2G25950	Os01g0559000
AT5G20180	Os03g0811800
AT3G12930	Os09g0493600
AT5G37630	Os06g0256000
AT1G67320	Os07g0406800
AT5G06260	Os12g0157200
AT5G46800	Os10g0573700
AT3G18140	Os03g0681700
AT1G26370	Os06g0192500
AT2G38440	Os03g0298700
AT1G02840	Os03g0344100
AT1G80060	Os02g0188500
AT5G23290	Os10g0488100
AT1G47310	Os03g0765100
AT5G66290	Os03g0727100
AT4G27060	Os07g0520400
AT4G28706	Os08g0566400
AT2G04540	Os02g0196900
AT3G20630	Os01g0177200
AT5G65520	Os02g0204000
AT2G05170	Os04g0382700
AT3G18690	Os02g0539500
AT2G26980	Os11g0134300
AT4G27450	Os04g0679400
AT5G19400	Os08g0305300
AT5G66810	Os10g0382300
AT1G78170	Os03g0191200
AT3G04470	Os02g0810100
AT2G40860	Os01g0541900
AT1G25580	Os06g0267500
AT5G16740	Os11g0298000
AT3G13330	Os06g0301300
AT3G09150	Os01g0949400
AT3G12480	Os05g0494100
AT1G76200	Os05g0122900
AT5G44010	Os02g0814600
AT1G67300	Os02g0274900
AT5G57160	Os04g0606450
AT1G65270	Os11g0264600
AT3G63290	Os10g0208500
AT5G02030	Os01g0848400
AT4G34980	Os03g0242900
AT1G44350	Os06g0691400
AT3G25500	Os01g0897700
AT1G77720	Os03g0704400
AT3G24000	Os10g0444500
AT3G15351	Os07g0485600
AT1G31440	Os03g0266700
AT1G30320	Os04g0620200
AT3G12680	Os01g0616400
AT3G47420	Os04g0555300
AT3G19050	Os12g0590500
AT1G19130	Os08g0455800
AT1G20160	Os09g0482660
AT2G34690	Os03g0784900
AT3G07720	Os09g0249000
AT1G06280	Os01g0242400
AT2G35350	Os02g0690500
AT1G03350	Os01g0273300
AT4G27650	Os04g0659900
AT3G53170	Os03g0115300
AT5G19600	Os01g0719300
AT1G73260	Os04g0526600
AT5G58220	Os03g0390700
AT5G12130	Os05g0121200
AT1G74470	Os02g0744900
AT5G18940	Os07g0647100
AT2G15690	Os04g0174800
AT4G30890	Os07g0661300
AT4G30825	Os09g0423300
AT5G22830	Os03g0684400
AT3G21720	Os07g0529000
AT3G57120	Os02g0819900
AT3G03770	Os07g0166700
AT4G01650	Os01g0971700
AT3G49240	Os11g0433600
AT1G79150	Os06g0498500
AT3G06200	Os03g0320900
AT5G56170	Os02g0721700
AT5G14990	Os04g0521600
AT3G21700	Os07g0522900
AT4G38130	Os06g0583400
AT5G01410	Os07g0100200
AT1G21500	Os09g0517000
AT5G58200	Os06g0182400
AT5G25560	Os01g0719100
AT2G43540	Os04g0495300
AT5G41850	Os05g0214400
AT4G11160	Os09g0515500
AT3G04820	Os05g0509300
AT4G24610	Os02g0760200
AT1G47480	Os09g0462100
AT4G13150	Os02g0187300
AT1G21780	Os08g0103600
AT2G25840	Os01g0743400
AT2G20810	Os04g0636100
AT3G07700	Os09g0250700
AT5G43860	Os10g0419600
AT4G28110	Os07g0558100
AT5G19620	Os02g0196300
AT3G21580	Os05g0400600
AT2G28520	Os01g0834200
AT3G19460	Os04g0670000
AT5G09950	Os01g0589900
AT5G27410	Os03g0359100
AT3G20430	Os01g0559200
AT1G71790	Os03g0381200
AT1G31190	Os02g0169900
AT1G50380	Os06g0730600
AT2G33585	Os08g0512900
AT4G18750	Os01g0205200
AT1G22040	Os10g0363600
AT2G38640	Os05g0484800
AT2G31260	Os03g0248000
AT4G18810	Os02g0234500
AT5G18670	Os07g0667100
AT5G67220	Os06g0712900
AT1G31970	Os07g0301200
AT5G52780	Os10g0533100
AT3G44610	Os11g0150700
AT1G14830	Os03g0713100
AT1G67350	Os03g0685900
AT5G04490	Os04g0670700
AT5G35170	Os08g0288200
AT1G15110	Os05g0554400
AT2G22010	Os07g0626900
AT2G25920	Os05g0156200
AT5G44790	Os02g0172600
AT1G26520	Os07g0598900
AT5G51040	Os11g0528300
AT5G24600	Os02g0292800
AT1G12450	Os07g0467600
AT1G77290	Os04g0435500
AT5G57950	Os09g0420600
AT5G23580	Os12g0169800
AT1G24130	Os06g0238700
AT5G48330	Os02g0197500
AT1G67570	Os08g0128200
AT4G32820	Os03g0685750
AT5G64460	Os04g0102500
AT1G74850	Os03g0824100
AT3G52390	Os07g0158200
AT3G48110	Os06g0103600
AT1G01280	Os08g0131100
AT1G34110	Os06g0589800
AT1G76250	Os02g0119600
AT1G35830	Os09g0370500
AT1G73380	Os10g0489800
AT5G14170	Os04g0382100
AT4G03020	Os05g0144100
AT1G23390	Os09g0292900
AT4G21070	Os05g0512000
AT3G44380	Os08g0558300
AT5G47020	Os04g0182650
AT1G17730	Os06g0643300
AT2G34860	Os08g0463900
AT3G26580	Os03g0428800
AT5G23720	Os01g0311500
AT4G16146	Os12g0433700
AT3G47650	Os06g0332800
AT5G15540	Os07g0110400
AT1G64310	Os01g0545900
AT1G80420	Os06g0144000
AT5G14040	Os04g0448800
AT1G30570	Os04g0619600
AT2G39840	Os02g0820000
AT1G63780	Os08g0155000
AT4G19610	Os04g0611500
AT2G40490	Os03g0337600
AT5G53440	Os01g0655400
AT5G47890	Os04g0310500
AT5G64050	Os02g0121000
AT5G54910	Os07g0517000
AT3G27010	Os01g0924400
AT5G52520	Os07g0165000
AT5G20030	Os02g0204500
AT5G06410	Os12g0456200
AT3G24460	Os01g0179800
AT1G26500	Os07g0599201
AT1G25290	Os09g0454100
AT4G26860	Os01g0950866
AT1G77810	Os02g0566800
AT5G51170	Os02g0651000
AT1G12060	Os02g0719700
AT3G26700	Os05g0371600
AT4G16160	Os03g0305600
AT1G64680	Os08g0114100
AT5G46850	Os12g0596900
AT4G12590	Os09g0497400
AT2G15860	Os03g0737900
AT2G28060	Os09g0364900
AT4G12070	Os02g0717600
AT5G65650	Os07g0607500
AT5G01880	Os11g0116200
AT1G26870	Os08g0436700
AT1G10590	Os05g0100800
AT4G31120	Os02g0139200
AT5G15640	Os03g0754800
AT3G17630	Os05g0276100
AT1G74320	Os05g0535400
AT4G32350	Os02g0159200
AT3G66652	Os03g0308850
AT1G47750	Os03g0302000
AT3G26680	Os04g0401800
AT1G54990	Os11g0544100
AT3G47550	Os11g0600700
AT2G20480	Os09g0446000
AT5G20240	Os01g0883100
AT5G04360	Os04g0164900
AT2G43970	Os11g0248200
AT5G16830	Os01g0254900
AT1G21450	Os01g0881500
AT1G65080	Os06g0171600
AT4G39010	Os09g0530200
AT1G30090	Os07g0153400
AT5G39660	Os07g0685000
AT5G24520	Os02g0682500
AT1G42430	Os03g0133300
AT1G59600	Os01g0593100
AT3G10572	Os06g0702800
AT4G33950	Os03g0610900
AT1G02730	Os12g0555600
AT3G59680	Os01g0393300
AT1G16040	Os03g0129000
AT3G60240	Os07g0555200
AT2G20930	Os09g0541500
AT3G43300	Os07g0564700
AT5G26749	Os01g0252200
AT5G51230	Os09g0306800
AT4G04885	Os08g0187700
AT1G28530	Os02g0109900
AT3G10250	Os02g0137100
AT4G18930	Os05g0517900
AT5G49430	Os03g0306200
AT3G28730	Os01g0184900
AT3G52050	Os03g0227300
AT2G47900	Os07g0667000
AT2G28450	Os04g0105000
AT3G62910	Os11g0657100
AT5G23310	Os06g0143000
AT2G24120	Os06g0652000
AT2G17580	Os03g0131400
AT1G12520	Os04g0573200
AT3G12720	Os07g0497500
AT2G43640	Os04g0623700
AT5G39210	Os01g0763700
AT1G50510	Os08g0504400
AT1G55540	Os07g0685400
AT2G14820	Os03g0609800
AT4G15530	Os05g0405000
AT3G07680	Os08g0532900
AT2G18040	Os04g0118500
AT4G10620	Os09g0364500
AT4G34530	Os02g0705500
AT2G44740	Os10g0563900
AT5G52060	Os09g0524800
AT5G04280	Os03g0681900
AT2G37080	Os05g0122600
AT4G36960	Os01g0945800
AT2G28600	Os12g0147500
AT4G38270	Os06g0727300
AT3G05070	Os06g0730800
AT3G55330	Os08g0347500
AT5G19500	Os07g0662800
AT1G03090	Os12g0605800
AT1G11040	Os01g0875700
AT2G34590	Os12g0616900
AT4G01370	Os08g0157000
AT5G47560	Os09g0484900
AT5G54830	Os09g0557700
AT1G67940	Os06g0695800
AT2G43190	Os05g0472300
AT1G80550	Os04g0643700
AT4G03560	Os01g0678500
AT1G61050	Os04g0529700
AT3G61130	Os09g0531900
AT5G45410	Os07g0159500
AT2G40280	Os05g0472200
AT5G40440	Os06g0473200
AT1G77930	Os07g0626400
AT5G39890	Os01g0185500
AT5G42150	Os04g0244400
AT5G05710	Os01g0856800
AT3G05625	Os01g0343500
AT3G12700	Os05g0557100
AT3G25400	Os04g0515400
AT3G47520	Os01g0829800
AT1G01140	Os03g0126800
AT1G75690	Os03g0244000
AT1G23000	Os01g0125600
AT5G45380	Os10g0580400
AT2G42780	Os08g0169600
AT1G74350	Os06g0634100
AT3G07930	Os09g0101100
AT4G32320	Os08g0522400
AT1G47720	Os03g0633900
AT1G58470	Os07g0124600
AT5G48830	Os02g0515000
AT3G44880	Os03g0146400
AT4G31150	Os06g0663600
AT1G23890	Os08g0414600
AT1G73880	Os06g0282000
AT2G41040	Os06g0646000
AT1G67850	Os02g0297600
AT5G25050	Os06g0186700
AT3G25600	Os05g0577500
AT4G33160	Os03g0399400
AT1G67710	Os01g0904700
AT1G17840	Os10g0494300
AT1G48170	Os12g0182800
AT1G52080	Os05g0185800
AT1G49975	Os03g0731100
AT4G02990	Os05g0404000
AT4G38760	Os10g0154600
AT5G45610	Os02g0128300
AT1G10280	Os08g0110400
AT3G07480	Os09g0514600
AT4G39790	Os05g0172300
AT5G01510	Os01g0141600
AT2G31880	Os06g0288100
AT3G42950	Os09g0439400
AT5G37530	Os06g0251000
AT1G78230	Os03g0190300
AT4G33920	Os12g0580900
AT1G47580	Os03g0767700
AT1G01690	Os03g0106300
AT5G43280	Os01g0925200
AT1G27070	Os03g0686900
AT2G28420	Os07g0657100
AT1G64810	Os04g0615500
AT5G63080	Os01g0546900
AT3G21480	Os05g0147133
AT5G61930	Os07g0600300
ATCG00020	Os04g0473150
AT3G10220	Os04g0692100
AT5G46570	Os10g0571300
AT1G77680	Os02g0754100
AT3G15040	Os01g0862600
AT1G14740	Os03g0239200
AT3G52210	Os02g0780600
AT4G03390	Os02g0176100
AT4G32300	Os06g0494100
AT2G39340	Os05g0462600
AT5G19370	Os07g0687500
AT5G04590	Os05g0503300
AT3G49180	Os07g0408100
AT1G01860	Os02g0122900
AT4G37190	Os03g0240900
AT3G61080	Os03g0117800
AT2G25730	Os01g0593000
AT3G12750	Os04g0613000
AT1G12550	Os04g0107500
AT3G12810	Os02g0689800
AT2G16250	Os03g0724300
AT1G32050	Os04g0597000
AT5G49630	Os07g0134000
AT5G52400	Os02g0824100
AT1G29330	Os05g0529300
AT5G64560	Os03g0742400
AT4G27500	Os09g0346400
AT1G08110	Os05g0295800
AT1G80500	Os02g0613600
AT2G48010	Os01g0384300
AT1G12370	Os10g0167600
AT4G10650	Os10g0572000
AT1G17160	Os01g0665400
AT1G30470	Os05g0592500
AT1G20693	Os09g0551600
AT5G22740	Os02g0192500
AT5G66930	Os12g0428200
AT4G09830	Os09g0360400
AT4G24880	Os01g0101300
AT3G50670	Os10g0115600
AT5G52420	Os10g0548100
AT1G06070	Os09g0516200
AT3G63480	Os08g0117000
AT5G21080	Os07g0205900
AT4G16340	Os03g0328000
AT3G52660	Os12g0136200
AT3G62330	Os01g0252900
AT4G14180	Os04g0347800
AT2G30330	Os11g0112300
AT4G01595	Os06g0509100
AT3G12290	Os05g0150800
AT2G16790	Os06g0114650
AT5G08540	Os04g0527800
AT3G25060	Os10g0540100
AT4G26555	Os02g0199300
AT5G42120	Os02g0459600
AT3G24560	Os02g0266500
AT1G06690	Os07g0143000
AT2G37130	Os07g0694300
AT2G01110	Os01g0501700
AT1G21650	Os11g0195100
AT3G15990	Os06g0143700
AT5G08300	Os07g0577700
AT5G65950	Os02g0714500
AT2G38570	Os03g0334100
AT1G21840	Os02g0168000
AT1G61150	Os03g0235100
AT5G12240	Os07g0641800
AT2G47620	Os04g0480300
AT1G49050	Os02g0730700
AT1G55350	Os02g0709400
AT3G05170	Os05g0141700
AT1G30970	Os09g0560900
AT5G10910	Os02g0137600
AT3G17930	Os01g0805200
AT2G35190	Os06g0715100
AT5G55220	Os06g0308000
AT1G03190	Os05g0144800
AT1G63900	Os07g0647800
AT5G42050	Os01g0550300
AT5G34940	Os02g0802200
AT4G20070	Os06g0665500
AT1G07840	Os01g0911000
AT1G63160	Os04g0569000
AT1G29380	Os01g0631500
AT1G26900	Os08g0494350
AT1G19240	Os01g0144700
AT5G39960	Os01g0225200
AT1G79390	Os02g0495900
AT4G01730	Os12g0263100
AT1G54140	Os03g0408500
AT4G27340	Os01g0390400
AT1G33360	Os02g0564400
AT3G63430	Os11g0587300
AT4G24830	Os12g0235800
AT2G26810	Os07g0641600
AT3G22250	Os02g0634100
AT2G28840	Os05g0112000
AT2G15230	Os09g0103100
AT3G29320	Os03g0758100
AT4G00420	Os09g0416500
AT3G59980	Os04g0303900
AT1G32120	Os03g0565300
AT3G05040	Os01g0363900
AT5G07030	Os07g0658600
AT5G57370	Os02g0461600
AT5G62790	Os01g0106900
AT4G38240	Os02g0832800
AT5G56590	Os01g0739700
AT1G31350	Os06g0711700
AT5G08320	Os02g0635700
AT1G09760	Os02g0234800
AT5G50170	Os04g0476600
AT2G47600	Os11g0660000
AT4G02405	Os07g0247100
AT4G33495	Os01g0617600
AT1G14610	Os03g0694900
AT2G03380	Os06g0185700
AT3G57560	Os04g0550500
AT2G43940	Os06g0153900
AT1G67190	Os01g0859600
AT2G21290	Os09g0528100
AT5G20270	Os06g0643700
AT5G22260	Os09g0449000
AT5G60700	Os02g0806500
AT1G11860	Os04g0623800
AT2G04850	Os03g0194300
AT5G14590	Os04g0508200
AT4G33420	Os08g0113000
AT1G66150	Os03g0717000
AT3G20720	Os04g0628600
AT1G26840	Os07g0628600
AT1G13710	Os03g0417700
AT4G00650	Os03g0851400
AT3G52150	Os09g0279500
AT4G10920	Os01g0706000
AT3G51320	Os05g0107000
AT5G09550	Os03g0277000
AT5G60580	Os06g0677300
AT4G31210	Os06g0281400
AT4G04180	Os02g0740300
AT2G02980	Os03g0795200
AT2G47450	Os03g0131900
AT2G28900	Os05g0111200
AT1G17650	Os01g0574600
AT5G40850	Os01g0631200
AT1G47530	Os08g0550200
AT1G16070	Os02g0179400
AT3G62260	Os01g0295700
AT4G31805	Os02g0795200
AT1G78280	Os03g0389900
AT2G28160	Os04g0381700
AT1G51610	Os04g0298200
AT1G59840	Os04g0650500
AT4G19830	Os02g0168700
AT3G05990	Os05g0393100
AT2G33435	Os03g0138100
AT4G36945	Os08g0103500
AT5G60720	Os03g0859900
AT5G26030	Os09g0297000
AT5G52840	Os03g0313000
AT2G29640	Os03g0265200
AT4G22600	Os02g0661300
AT5G16510	Os04g0660400
AT5G18540	Os07g0669600
AT4G02425	Os01g0316500
AT1G43245	Os04g0423600
AT3G21430	Os01g0193900
AT2G32415	Os07g0513100
AT1G44970	Os01g0263000
AT4G00060	Os06g0669275
AT5G62220	Os06g0342000
AT1G67440	Os04g0381600
AT5G55250	Os04g0665200
AT4G33870	Os01g0712800
AT3G07630	Os07g0694600
AT1G62350	Os03g0297700
AT2G32760	Os06g0715000
AT1G17450	Os02g0633100
AT2G26580	Os03g0650000
AT2G35155	Os08g0407200
AT1G31300	Os03g0666700
AT4G02070	Os09g0407600
AT5G52950	Os01g0222300
AT4G34700	Os06g0714100
AT1G53200	Os06g0244100
AT3G56570	Os01g0879500
AT3G62770	Os01g0934000
AT3G21630	Os08g0538300
AT5G57500	Os02g0785000
AT3G25900	Os03g0221200
AT1G69220	Os03g0755000
AT3G22200	Os04g0614600
AT5G06830	Os06g0320100
AT2G26700	Os01g0174700
AT2G38320	Os03g0817500
AT5G14360	Os02g0597700
AT1G60560	Os09g0309100
AT4G37090	Os02g0186700
AT1G69200	Os03g0602600
AT5G54880	Os03g0568600
AT3G12530	Os01g0248600
AT2G44610	Os07g0496000
AT3G58830	Os01g0796500
AT4G15720	Os12g0163600
AT3G25920	Os03g0219900
AT4G23540	Os01g0957900
AT3G01435	Os02g0189100
AT3G49080	Os07g0658200
AT2G01755	Os03g0713200
AT5G42890	Os06g0211300
AT1G08220	Os05g0176500
AT2G46140	Os05g0584200
AT2G04940	Os04g0599400
AT2G48110	Os07g0211200
AT4G36050	Os09g0536000
AT1G30440	Os12g0613250
AT5G19730	Os01g0743200
AT1G27990	Os04g0386700
AT4G16370	Os03g0751100
AT4G00450	Os07g0648266
AT2G43465	Os11g0265500
AT3G43540	Os09g0436900
AT4G29080	Os06g0335500
AT2G06010	Os04g0446200
AT4G05530	Os09g0133200
AT3G02720	Os04g0671700
AT5G01830	Os05g0476700
AT5G40670	Os12g0278700
AT3G53360	Os06g0506100
AT2G30410	Os02g0816500
AT1G77122	Os04g0438300
AT5G44635	Os05g0235800
AT1G48140	Os02g0749450
AT1G17870	Os03g0729000
AT1G04910	Os11g0481200
AT5G24340	Os07g0452400
AT4G28088	Os09g0558100
AT3G15140	Os06g0353400
AT1G58440	Os03g0231800
AT3G10110	Os03g0296300
AT5G49930	Os12g0564600
AT5G05970	Os09g0267500
AT5G26180	Os02g0217800
AT4G10950	Os02g0290900
AT3G17310	Os05g0133900
AT1G64530	Os01g0236700
AT5G27830	Os02g0592500
AT3G52120	Os09g0281600
AT3G20810	Os09g0489200
AT1G65030	Os12g0615900
AT4G00620	Os02g0120900
AT4G31460	Os07g0544900
AT5G02270	Os03g0316900
AT5G16880	Os02g0697300
AT3G29034	Os04g0460350
AT1G36320	Os02g0291500
AT5G56360	Os01g0276800
AT1G54490	Os03g0794800
AT2G39370	Os01g0836900
AT5G59180	Os05g0400700
AT3G52960	Os06g0625500
AT5G40820	Os06g0724700
AT1G01040	Os03g0121800
AT1G42480	Os02g0117200
AT1G17620	Os05g0199100
AT2G47420	Os10g0183900
AT5G34850	Os06g0643900
AT5G23630	Os05g0402800
AT1G70200	Os02g0326200
AT3G13880	Os01g0959600
AT2G21720	Os03g0157700
AT3G02700	Os05g0310600
AT5G37290	Os11g0546200
AT1G78590	Os09g0345700
AT2G05590	Os07g0438700
AT5G15710	Os04g0668600
AT5G49480	Os03g0310800
AT5G25150	Os06g0649500
AT5G65840	Os03g0729200
AT2G20980	Os09g0539400
AT5G51280	Os06g0697200
AT1G75170	Os03g0724100
AT3G59630	Os11g0265600
AT5G60750	Os06g0505400
AT4G33060	Os01g0582400
AT2G39550	Os01g0150100
AT4G35760	Os03g0131500
AT3G51895	Os03g0161200
AT5G23530	Os11g0240600
AT1G02870	Os05g0367100
AT1G16280	Os07g0633500
AT2G38470	Os01g0826400
AT5G41970	Os02g0686600
AT1G02145	Os04g0544900
AT4G14746	Os11g0582000
AT5G13220	Os04g0395800
AT1G09130	Os03g0344900
AT3G08490	Os03g0216500
AT3G09050	Os01g0853000
AT4G31390	Os11g0216300
AT5G13010	Os07g0508000
AT3G02680	Os10g0487300
AT5G28050	Os07g0245100
AT3G51820	Os05g0349700
AT5G66530	Os09g0327400
AT4G08290	Os10g0210500
AT3G59530	Os03g0263600
AT3G16200	Os01g0496900
AT3G26115	Os01g0695600
AT1G72480	Os09g0439700
AT5G15300	Os03g0168550
AT3G44330	Os08g0102100
AT1G60000	Os02g0815200
AT4G11650	Os03g0663500
AT2G39650	Os01g0973600
AT2G31740	Os04g0379300
AT1G13570	Os07g0459500
AT3G47840	Os05g0581300
AT1G28680	Os06g0155500
AT3G18170	Os03g0567600
AT5G44110	Os02g0810300
AT2G04350	Os05g0317200
AT1G11360	Os01g0783500
AT5G48380	Os05g0414700
AT5G02130	Os05g0457700
AT2G32080	Os01g0260700
AT4G01995	Os05g0131100
AT1G78690	Os04g0667000
AT3G53490	Os03g0282800
AT3G63530	Os03g0173900
AT4G22550	Os02g0661800
AT5G20080	Os01g0174300
AT4G16420	Os03g0750800
AT5G57450	Os02g0562100
AT5G40570	Os04g0480400
AT3G16010	Os02g0266200
AT1G74640	Os09g0413700
AT3G17580	Os01g0288200
AT1G62940	Os04g0310800
AT5G15320	Os04g0117100
AT4G01900	Os05g0133100
AT3G51670	Os05g0345100
AT3G56940	Os01g0279100
AT1G68130	Os09g0449400
AT4G08810	Os07g0633600
AT3G48250	Os01g0970900
AT1G49560	Os03g0764600
AT1G78140	Os08g0411200
AT3G51800	Os05g0350500
AT1G73740	Os01g0516700
AT5G19950	Os01g0178100
AT4G20360	Os02g0595700
AT4G03150	Os12g0534100
AT4G30150	Os03g0203100
AT2G38710	Os10g0573100
AT5G57620	Os02g0786400
AT4G17070	Os03g0100300
AT2G36740	Os08g0192400
AT2G44510	Os03g0853900
AT4G16650	Os04g0551300
AT2G45010	Os03g0101800
AT5G54770	Os07g0529600
AT2G42920	Os03g0635000
AT4G33520	Os08g0486100
AT1G79890	Os05g0219800
AT3G12630	Os09g0486500
AT4G11400	Os04g0166400
AT5G53800	Os04g0530300
AT1G29880	Os08g0538000
AT3G28450	Os04g0487200
AT4G13020	Os03g0847600
AT3G29090	Os10g0407000
AT5G49810	Os05g0105000
AT5G53670	Os02g0591000
AT3G56820	Os01g0810200
AT5G61530	Os07g0486500
AT4G36390	Os11g0592800
AT3G54010	Os03g0367000
AT3G20930	Os02g0730800
AT1G55850	Os09g0478100
AT3G05345	Os05g0397800
AT5G09450	Os04g0450200
AT3G55510	Os12g0163200
AT3G06483	Os07g0637300
AT5G57870	Os02g0611500
AT5G40153	Os08g0112950
AT1G71110	Os01g0121300
AT2G43320	Os04g0492400
AT2G26680	Os03g0566600
AT5G11770	Os05g0533700
AT5G04040	Os01g0762000
AT4G34310	Os03g0185500
AT2G30880	Os03g0666200
AT3G07530	Os03g0243200
AT5G37480	Os03g0748600
AT2G37240	Os03g0284600
AT4G38180	Os03g0655600
AT1G31850	Os04g0218400
AT2G45200	Os02g0126800
AT4G20280	Os01g0680400
AT1G60660	Os08g0386300
AT4G33500	Os10g0370000
AT2G42160	Os04g0648500
AT4G11420	Os01g0120800
AT4G10340	Os11g0242800
AT3G21530	Os07g0645500
AT1G02060	Os02g0121900
AT2G40170	Os05g0349800
AT2G26310	Os02g0778500
AT5G41190	Os02g0114700
AT1G80840	Os09g0417600
AT3G20480	Os07g0102000
AT2G42900	Os05g0582000
AT1G21730	Os04g0434600
AT5G18440	Os01g0814000
AT3G57050	Os06g0175800
AT3G11220	Os06g0639600
AT4G17140	Os10g0565300
AT1G51510	Os05g0140500
AT3G51850	Os01g0832300
AT4G03960	Os09g0135700
AT1G80950	Os05g0357800
AT3G48200	Os05g0594500
AT3G09210	Os03g0825500
AT3G08860	Os03g0338000
AT3G17205	Os05g0159000
AT3G27110	Os01g0970700
AT5G37680	Os02g0732500
AT5G24840	Os06g0236900
AT5G64150	Os12g0612500
AT3G22942	Os03g0635100
AT1G68080	Os03g0238700
AT5G13250	Os04g0396500
AT4G03100	Os12g0533400
AT4G32190	Os02g0186400
AT5G26240	Os03g0695700
AT5G19900	Os02g0832600
AT5G14140	Os11g0498400
AT5G51690	Os06g0130400
AT3G17810	Os02g0736400
AT5G10830	Os01g0716500
AT3G04970	Os03g0363900
AT3G20680	Os05g0500400
AT1G10170	Os06g0252300
AT4G16060	Os05g0358400
AT2G29540	Os12g0194700
AT5G16610	Os03g0221300
AT1G22860	Os05g0104100
AT1G31940	Os02g0697700
AT5G11260	Os06g0601500
AT1G17370	Os11g0620100
AT1G60460	Os06g0708200
AT1G15200	Os03g0701900
AT5G51070	Os02g0526400
AT1G15220	Os02g0275100
AT5G27740	Os03g0792600
AT3G23240	Os03g0860100
AT5G51140	Os02g0512300
AT1G24030	Os09g0375600
AT4G06599	Os01g0875400
AT3G16250	Os07g0489800
AT4G15930	Os01g0256400
AT1G25530	Os04g0462400
AT1G50910	Os09g0504900
AT4G11600	Os02g0664000
AT3G57660	Os06g0612200
AT4G12230	Os10g0169800
AT3G13275	Os09g0480100
AT2G26930	Os01g0802100
AT4G23440	Os01g0760400
AT5G57420	Os04g0653300
AT4G16450	Os08g0431500
AT1G10040	Os03g0726800
AT2G17980	Os03g0620800
AT1G30540	Os09g0133700
AT4G03120	Os02g0266100
AT1G35510	Os12g0174100
AT5G01740	Os05g0342100
AT2G03510	Os03g0421400
AT5G47120	Os02g0125300
AT5G09650	Os02g0768600
AT5G54260	Os04g0635900
AT4G00550	Os03g0214400
AT3G09890	Os03g0145800
AT1G34220	Os08g0175200
AT5G35690	Os08g0500800
AT2G36910	Os08g0564300
AT5G19840	Os01g0773200
AT5G16260	Os04g0496400
AT4G05430	Os07g0149900
AT2G25620	Os06g0597200
AT4G11060	Os05g0509700
AT4G16695	Os03g0102000
AT3G57000	Os02g0290400
AT1G79460	Os04g0611800
AT1G02420	Os03g0208600
AT2G38820	Os03g0162500
AT3G03740	Os03g0792500
AT2G35540	Os06g0111700
AT2G34040	Os02g0313400
AT1G03540	Os06g0611200
AT1G22140	Os03g0385301
AT5G09420	Os02g0754500
AT1G62850	Os03g0249200
AT3G09660	Os05g0464100
AT1G08315	Os01g0956075
AT3G53140	Os02g0823400
AT4G31560	Os01g0940600
AT2G19560	Os09g0386400
AT1G12840	Os05g0593100
AT1G31800	Os02g0817900
AT5G11380	Os06g0142900
AT5G49720	Os03g0329500
AT1G48360	Os06g0171800
AT1G19835	Os10g0162400
AT4G07990	Os03g0728100
AT1G64430	Os08g0332700
AT1G20060	Os02g0101800
AT1G55090	Os07g0167100
AT3G03330	Os11g0265400
AT5G06740	Os04g0584100
AT5G08710	Os11g0545800
AT5G49700	Os09g0464300
AT4G28200	Os02g0103900
AT5G09400	Os04g0610700
AT2G47520	Os01g0313300
AT4G02280	Os03g0340500
AT3G08690	Os01g0819400
AT2G38800	Os05g0381700
AT5G49580	Os03g0832900
AT1G02400	Os01g0332200
AT5G22510	Os02g0529400
AT1G28480	Os01g0667900
AT1G55670	Os09g0481200
AT4G30100	Os10g0118900
AT1G79050	Os03g0639700
AT5G58110	Os06g0703800
AT2G38025	Os03g0266000
AT2G38090	Os01g0853700
AT4G11450	Os10g0550750
AT2G39450	Os01g0837800
AT5G42390	Os06g0625400
AT5G53850	Os11g0484000
AT1G64980	Os10g0516400
AT4G37300	Os05g0451300
AT2G45790	Os04g0682300
AT5G50230	Os03g0746600
AT3G24430	Os01g0719700
AT1G53710	Os03g0397300
AT3G20475	Os05g0498300
AT4G20380	Os12g0611000
AT3G12150	Os02g0195000
AT3G15410	Os02g0826600
AT4G16130	Os02g0141300
AT1G58110	Os12g0194600
AT1G29070	Os01g0805000
AT2G14110	Os03g0737400
AT2G26210	Os07g0618600
AT3G62140	Os01g0321800
AT3G22850	Os03g0744600
AT1G54380	Os11g0293300
AT4G35520	Os09g0551900
AT1G17760	Os12g0571900
AT4G36750	Os10g0436800
AT1G03110	Os03g0746800
AT4G34020	Os05g0519600
AT1G72050	Os02g0116000
AT2G35110	Os08g0544500
AT4G36810	Os07g0580900
AT4G40050	Os09g0470900
AT4G39970	Os08g0485900
AT1G06740	Os12g0597300
AT2G36230	Os05g0400800
AT1G08710	Os01g0814700
AT1G29690	Os01g0748900
AT5G54590	Os08g0138700
AT3G06540	Os01g0269100
AT3G54300	Os08g0558600
AT3G49500	Os01g0527600
AT1G56690	Os03g0317100
AT5G62710	Os12g0638100
AT1G09420	Os03g0318500
AT5G22875	Os04g0165500
AT2G30070	Os06g0671000
AT2G26890	Os10g0575200
AT5G03540	Os11g0157400
AT2G37730	Os03g0269900
AT3G02660	Os01g0500900
AT1G06330	Os01g0758000
AT2G26000	Os02g0182900
AT4G28570	Os02g0621800
AT2G45320	Os06g0571300
AT4G15890	Os12g0548100
AT2G32600	Os03g0263500
AT4G31810	Os10g0552900
AT5G40250	Os06g0233200
AT4G31750	Os02g0149800
AT1G02080	Os10g0556700
AT1G18190	Os04g0652500
AT1G34350	Os08g0104100
AT4G34660	Os10g0512700
AT4G29520	Os06g0150400
AT5G13300	Os09g0510700
AT1G75330	Os02g0704800
AT4G20260	Os02g0285300
AT2G04790	Os02g0588600
AT5G12920	Os02g0591600
AT2G03070	Os03g0423800
AT5G15010	Os01g0816000
AT4G38160	Os08g0515800
AT4G33760	Os01g0153400
AT5G55940	Os04g0270200
AT4G38900	Os08g0543900
AT2G26660	Os06g0603600
AT2G39130	Os02g0101000
AT4G11130	Os04g0465700
AT2G27470	Os09g0568200
AT1G68650	Os08g0433100
AT5G17370	Os07g0108000
AT5G60460	Os11g0104050
AT5G20870	Os03g0397600
AT4G05150	Os07g0556300
AT1G16610	Os01g0959000
AT1G18640	Os11g0629500
AT5G12900	Os08g0508100
AT2G03140	Os09g0436800
AT1G14140	Os04g0449000
AT1G10830	Os12g0405200
AT2G22540	Os03g0186600
AT1G13250	Os04g0530900
AT4G08390	Os04g0434800
AT3G20050	Os04g0551800
AT1G64150	Os01g0221700
AT5G51510	Os10g0508600
AT4G31290	Os02g0465900
AT5G20600	Os04g0658600
AT3G16565	Os01g0120400
AT1G18440	Os01g0693900
AT4G02610	Os03g0797000
AT3G55140	Os01g0546800
AT1G57600	Os05g0144000
AT5G02060	Os09g0249400
AT5G50330	Os01g0904200
AT4G37200	Os03g0767500
AT3G12120	Os02g0716500
AT1G07745	Os09g0104200
AT5G42290	Os03g0133100
AT1G08820	Os01g0936800
AT5G62090	Os06g0126000
AT3G05740	Os11g0672700
AT2G27800	Os01g0747600
AT2G33540	Os11g0521900
AT3G57680	Os06g0318600
AT2G27090	Os03g0321500
AT4G03430	Os10g0498600
AT4G40020	Os03g0189300
AT2G43250	Os04g0490700
AT1G72020	Os04g0432600
AT4G34050	Os06g0165800
AT1G09060	Os03g0346700
AT4G35550	Os01g0818400
AT4G36720	Os07g0568400
AT4G28300	Os01g0754500
AT4G17510	Os02g0654500
AT1G09450	Os07g0637600
AT1G27910	Os01g0901000
AT4G34460	Os03g0669200
AT3G22670	Os03g0746400
AT2G17120	Os09g0548200
AT1G80030	Os02g0804500
AT2G43790	Os06g0154500
AT5G55710	Os02g0726600
AT3G54350	Os03g0800800
AT1G08800	Os10g0414800
AT5G11280	Os01g0555300
AT1G53670	Os06g0472000
AT1G51405	Os03g0216900
AT3G19630	Os03g0202300
AT3G20660	Os04g0631100
AT3G12100	Os02g0832700
AT4G20770	Os02g0167200
AT1G01910	Os09g0521500
AT2G26460	Os11g0146700
AT5G42810	Os04g0661200
AT1G53800	Os10g0198600
AT3G15260	Os07g0507000
AT5G42750	Os09g0459500
AT3G10970	Os05g0168300
AT3G60400	Os07g0409400
AT5G04830	Os01g0965900
AT3G08880	Os04g0445400
AT3G12960	Os08g0104400
AT5G19180	Os01g0271500
AT4G01030	Os05g0586900
AT1G53090	Os01g0725800
AT3G55070	Os05g0160100
AT3G05330	Os02g0459300
AT4G37010	Os07g0618800
AT1G16770	Os02g0140800
AT1G64960	Os03g0616500
AT5G59340	Os01g0840300
AT5G45040	Os07g0567400
AT2G07050	Os02g0139700
AT1G34320	Os05g0430300
AT5G64630	Os08g0108200
AT4G31720	Os09g0431500
AT3G52115	Os06g0613400
AT5G20650	Os09g0440700
AT2G06025	Os03g0177000
AT5G15250	Os06g0229066
AT3G16350	Os01g0187900
AT1G79930	Os01g0180800
AT5G62940	Os02g0707200
AT2G30490	Os05g0320700
AT2G17975	Os04g0110600
AT2G41610	Os03g0253600
AT4G02260	Os03g0340900
AT5G51880	Os03g0119000
AT1G52340	Os03g0810800
AT1G20080	Os02g0448400
AT2G44860	Os07g0292800
AT3G02460	Os08g0412600
AT5G37020	Os04g0671900
AT1G48380	Os07g0172200
AT1G09870	Os03g0818100
AT5G55470	Os06g0318500
AT2G19580	Os06g0572400
AT5G01230	Os06g0704900
AT5G13570	Os02g0805900
AT1G70820	Os06g0476200
AT5G40200	Os06g0234100
AT4G12740	Os12g0211400
AT1G34300	Os03g0838100
AT4G20410	Os04g0618500
AT3G09310	Os11g0706100
AT5G14880	Os06g0625900
AT1G79480	Os09g0560850
AT3G20020	Os10g0489100
AT4G15475	Os11g0641200
AT2G23450	Os03g0225700
AT2G39080	Os01g0367100
AT5G45170	Os12g0630700
AT3G18830	Os07g0582400
AT5G26340	Os03g0218400
AT2G47760	Os01g0172000
AT5G17520	Os04g0602400
AT4G13930	Os11g0455800
AT2G18410	Os03g0201700
AT5G16280	Os03g0786900
AT2G16440	Os01g0544450
AT3G09580	Os07g0626800
AT1G65840	Os04g0671300
AT5G06990	Os01g0806400
AT3G24530	Os02g0266300
AT3G54940	Os07g0480900
AT1G10740	Os05g0408300
AT3G63120	Os05g0398000
AT3G10540	Os01g0872800
AT5G52180	Os06g0129000
AT5G17620	Os01g0869500
AT5G42480	Os02g0122400
AT5G66960	Os09g0453700
AT2G42240	Os06g0687500
AT3G60370	Os07g0490400
AT5G07950	Os03g0213200
AT5G23100	Os05g0577100
AT4G35420	Os09g0493500
AT3G46740	Os03g0271200
AT5G66100	Os03g0156500
AT3G49400	Os01g0702400
AT1G74110	Os07g0603700
AT4G17260	Os02g0105400
AT3G06440	Os01g0328900
AT5G23960	Os03g0347900
AT3G62360	Os01g0300600
AT5G48690	Os08g0526700
AT5G13800	Os06g0354700
AT5G39980	Os01g0833000
AT5G49660	Os12g0632900
AT1G16880	Os08g0242700
AT5G66120	Os09g0539100
AT3G51010	Os05g0126200
AT1G70570	Os02g0131200
AT1G10330	Os05g0271900
AT5G64530	Os02g0555300
AT3G03990	Os03g0203200
AT1G26180	Os02g0326000
AT3G16670	Os03g0341600
AT1G72560	Os07g0613300
AT1G24340	Os01g0901700
AT1G17130	Os01g0588700
AT3G09720	Os07g0647900
AT1G05970	Os07g0256200
AT5G23120	Os06g0729650
AT5G46110	Os01g0239200
AT5G17870	Os11g0550800
AT1G70350	Os01g0738000
AT5G04910	Os01g0265700
AT5G11490	Os01g0626100
AT5G09270	Os01g0861000
AT2G25760	Os01g0744300
AT5G15802	Os03g0414400
AT3G26100	Os12g0284000
AT2G37920	Os02g0564300
AT5G27990	Os08g0508600
AT3G54090	Os01g0851000
AT1G55790	Os09g0479400
AT3G49650	Os03g0773600
AT1G53570	Os11g0207200
AT5G49890	Os01g0876100
AT1G65900	Os03g0120000
AT2G45670	Os06g0712300
AT3G58170	Os02g0820700
AT3G29010	Os08g0435800
AT1G22770	Os01g0182600
AT5G35410	Os06g0606000
AT4G17610	Os03g0100500
AT3G13490	Os02g0623500
AT4G29420	Os01g0193500
AT3G01440	Os07g0105600
AT4G17380	Os07g0486000
AT3G54670	Os12g0641500
AT5G01990	Os01g0818000
AT1G79750	Os01g0723400
AT4G09140	Os01g0958900
AT5G53220	Os01g0221300
AT5G14410	Os01g0938400
AT4G26330	Os03g0158700
AT3G48470	Os02g0598800
AT1G79810	Os05g0275700
AT5G63950	Os04g0692750
AT4G10180	Os01g0104600
AT1G08570	Os07g0684100
AT3G11820	Os03g0787000
AT2G39760	Os07g0101400
AT5G16490	Os06g0606401
AT2G01350	Os09g0553600
AT1G14360	Os06g0593100
AT2G38250	Os04g0602300
AT5G59950	Os03g0278300
AT1G19340	Os03g0198900
AT5G62570	Os03g0436300
AT4G02510	Os05g0151400
AT4G04920	Os10g0498700
AT2G27350	Os04g0414100
AT5G12340	Os03g0356526
AT1G65920	Os04g0583700
AT4G29400	Os01g0558800
AT1G31790	Os07g0244400
AT1G11880	Os12g0498700
AT3G56010	Os03g0293100
AT5G49210	Os11g0148600
AT2G33640	Os04g0585100
AT4G16444	Os06g0198700
AT5G51410	Os07g0456400
AT1G71190	Os01g0962200
AT5G49020	Os07g0671700
AT3G07100	Os04g0129500
AT3G11670	Os02g0539100
AT3G16940	Os07g0490200
AT1G55250	Os10g0565600
AT1G15820	Os04g0457000
AT4G22130	Os02g0190500
AT3G16850	Os11g0658800
AT4G28940	Os05g0228000
AT2G44360	Os09g0553800
AT4G12830	Os01g0919700
AT5G16690	Os10g0402200
AT1G17080	Os01g0667100
AT2G10940	Os06g0643500
AT4G19170	Os02g0704000
AT2G31170	Os09g0556500
AT5G21920	Os03g0178200
AT4G18975	Os07g0545900
AT3G13882	Os01g0571200
AT3G14250	Os08g0451800
AT4G36930	Os02g0805250
AT1G05440	Os03g0747100
AT3G55360	Os01g0150000
AT3G20390	Os07g0516200
AT5G33280	Os08g0300300
AT2G32520	Os01g0531500
AT3G17000	Os03g0308000
AT1G68370	Os01g0512100
AT3G51790	Os10g0545800
AT5G48655	Os09g0504700
AT3G48820	Os02g0118400
AT1G73040	Os05g0541800
AT2G22640	Os02g0829900
AT4G11270	Os06g0331300
AT2G39270	Os04g0671100
AT4G03115	Os12g0533800
AT2G36990	Os08g0242800
AT5G63840	Os03g0216600
AT3G17020	Os05g0157200
AT1G73170	Os06g0155600
AT5G18110	Os03g0262400
AT3G13690	Os01g0602800
AT1G65032	Os02g0695700
AT5G52030	Os08g0545700
AT5G02370	Os05g0459400
AT1G78770	Os03g0236966
AT5G20520	Os07g0608300
AT5G28750	Os03g0634000
AT2G32500	Os03g0110900
AT5G66150	Os10g0140200
AT2G03590	Os12g0502800
AT3G17210	Os01g0516600
AT5G13710	Os07g0206700
AT4G19040	Os02g0102800
AT1G15215	Os09g0346900
AT2G31040	Os01g0673800
AT4G24990	Os04g0393300
AT1G77120	Os11g0210300
AT5G11860	Os03g0850100
AT5G25630	Os01g0228400
AT1G48880	Os05g0426300
AT2G26560	Os09g0462400
AT3G27640	Os03g0699100
AT3G54470	Os01g0951200
AT4G15560	Os05g0408900
AT1G20270	Os10g0497800
AT1G71440	Os05g0105300
AT1G34670	Os06g0221000
AT3G48670	Os01g0633200
AT2G22125	Os06g0223800
AT5G21160	Os01g0266000
AT4G14870	Os04g0306750
AT1G50170	Os02g0296800
AT4G14145	Os03g0288400
AT5G17400	Os11g0661300
AT4G33080	Os01g0186700
AT3G23160	Os04g0169500
AT1G52900	Os07g0566800
AT1G08320	Os11g0152700
AT3G07150	Os01g0918400
AT1G28560	Os01g0912600
AT4G13700	Os08g0280100
AT4G16270	Os08g0302000
AT2G12646	Os02g0183000
AT1G56590	Os05g0383100
AT1G62790	Os06g0686400
AT3G13860	Os05g0540300
AT3G28760	Os03g0170300
AT5G04740	Os12g0152700
AT3G23900	Os01g0101600
AT2G30590	Os12g0597700
AT3G11710	Os03g0586800
AT4G14147	Os03g0848300
AT5G63920	Os03g0165000
AT3G22320	Os01g0805800
AT1G73990	Os02g0728100
AT1G79720	Os09g0423500
AT5G54140	Os04g0521800
AT4G35870	Os03g0137400
AT1G53320	Os05g0514300
AT3G57290	Os07g0222300
AT2G02150	Os06g0565000
AT4G04950	Os10g0500700
AT2G40740	Os05g0321900
AT1G22610	Os04g0691800
AT5G55570	Os01g0762300
AT1G53300	Os01g0218200
AT1G31817	Os03g0385900
AT5G42310	Os07g0548300
AT2G38010	Os01g0624000
AT5G14260	Os12g0236900
AT3G48940	Os04g0533300
AT5G13470	Os01g0939400
AT3G22300	Os12g0517200
AT2G01320	Os01g0121700
AT4G27745	Os12g0484700
AT1G33410	Os02g0142500
AT1G79580	Os02g0252200
AT1G62250	Os03g0744700
AT3G52430	Os11g0195500
AT4G13720	Os10g0457500
AT3G49600	Os03g0192800
AT3G08610	Os05g0481600
AT1G66430	Os06g0232200
AT4G25540	Os04g0682900
AT3G23920	Os03g0141200
AT1G10910	Os01g0559500
AT3G53380	Os05g0125200
AT4G24040	Os10g0521000
AT1G72390	Os10g0391100
AT5G61150	Os12g0579000
AT5G17420	Os09g0422500
AT5G42680	Os09g0463600
AT2G18510	Os10g0457000
AT1G65950	Os11g0549635
AT4G10030	Os01g0885600
AT4G29060	Os12g0541500
AT3G54850	Os06g0102700
AT1G78910	Os08g0520100
AT4G30720	Os05g0411200
AT3G54640	Os07g0182100
AT2G05910	Os03g0179700
AT5G06690	Os02g0774100
AT3G03140	Os02g0700000
AT1G08540	Os03g0271100
AT3G06850	Os01g0314100
AT2G47180	Os03g0316200
AT1G56345	Os12g0560500
AT1G06510	Os01g0696000
AT3G59660	Os09g0516900
AT2G33820	Os11g0423800
AT5G41010	Os01g0530366
AT5G24760	Os02g0637700
AT4G33030	Os05g0387200
AT5G59420	Os03g0274000
AT5G49120	Os02g0592833
AT4G01270	Os08g0151700
AT1G71090	Os08g0191000
AT5G61210	Os02g0529500
AT2G20050	Os02g0281000
AT4G38370	Os04g0224600
AT3G01470	Os02g0729700
AT1G71800	Os11g0176100
AT1G03687	Os06g0342750
AT4G23010	Os03g0118200
AT4G19490	Os04g0212200
AT1G22740	Os01g0714900
AT2G31490	Os01g0750800
AT1G15440	Os05g0519500
AT3G07890	Os08g0337700
AT2G45640	Os02g0122000
AT3G58140	Os12g0533700
AT3G07210	Os01g0917200
AT5G39680	Os05g0572900
AT5G49960	Os01g0870100
AT4G18460	Os01g0242500
AT1G71820	Os02g0749500
AT1G32310	Os10g0575950
AT3G23400	Os11g0595200
AT5G12370	Os12g0238100
AT5G06140	Os01g0862300
AT5G67470	Os03g0204100
AT3G18260	Os05g0550250
AT3G19810	Os02g0831200
AT1G65060	Os02g0697400
AT5G08110	Os02g0111900
AT4G31430	Os04g0655600
AT3G07020	Os04g0131900
AT2G19430	Os09g0363600
AT1G05670	Os07g0513200
AT4G30580	Os10g0497100
AT5G04610	Os08g0520400
AT4G10080	Os02g0558500
AT2G45190	Os02g0643200
AT3G58690	Os05g0207700
AT5G59400	Os05g0110800
AT5G42630	Os03g0766500
AT2G33800	Os03g0452300
AT5G58710	Os06g0708500
AT4G30700	Os06g0185800
ATCG00480	Os10g0355800
AT3G03070	Os08g0161700
AT5G56740	Os09g0347800
AT3G04790	Os07g0176900
AT2G34770	Os12g0628400
AT5G63420	Os02g0539600
AT4G09040	Os08g0483200
AT5G51330	Os03g0650400
AT3G49950	Os07g0589200
AT3G60340	Os10g0563000
AT4G08960	Os06g0219800
AT5G23210	Os02g0634700
AT5G19760	Os05g0208000
AT3G36659	Os11g0677400
AT1G27510	Os01g0107900
AT3G10350	Os02g0745000
AT5G07400	Os04g0403400
AT4G17910	Os03g0378200
AT4G04870	Os01g0789100
AT5G13640	Os09g0444200
AT3G54970	Os02g0252600
AT3G26000	Os04g0485800
AT2G41830	Os02g0143200
AT3G16190	Os02g0276400
AT5G46220	Os01g0210400
AT5G48040	Os02g0526600
AT4G39300	Os01g0551400
AT4G36980	Os03g0395900
AT1G01510	Os10g0533000
AT3G18380	Os06g0483900
AT5G48170	Os03g0196500
AT5G17840	Os03g0656201
AT5G44800	Os07g0497100
AT3G14110	Os01g0510600
AT3G63095	Os07g0655800
AT2G24430	Os09g0497900
AT5G45590	Os10g0579500
AT3G45300	Os05g0125500
AT1G77460	Os11g0183800
AT4G26410	Os03g0324800
AT3G25130	Os11g0458100
AT4G14950	Os01g0778700
AT5G51740	Os02g0735100
AT5G35330	Os09g0494300
AT1G14345	Os03g0170500
AT1G65620	Os05g0417000
AT4G00030	Os04g0551700
AT5G38880	Os09g0386600
AT3G07660	Os09g0261400
AT5G23890	Os03g0862100
AT1G05940	Os02g0655700
AT4G21770	Os07g0660400
AT1G48830	Os03g0297100
AT5G58470	Os01g0164400
AT5G13190	Os02g0515600
AT4G32250	Os06g0639500
AT5G58090	Os02g0139300
AT1G05850	Os09g0494200
AT3G05510	Os01g0931300
AT5G59865	Os01g0974701
AT4G30810	Os06g0186400
AT2G02050	Os03g0129900
AT2G38110	Os01g0855000
AT3G61870	Os02g0122500
AT5G63060	Os02g0321500
AT2G20210	Os12g0228900
AT5G03800	Os07g0172600
AT5G43260	Os02g0506600
AT5G25480	Os01g0612000
AT4G36630	Os03g0715500
AT4G10130	Os09g0460000
AT1G56423	Os03g0307000
AT5G11040	Os04g0502200
AT1G65420	Os02g0233333
AT2G28130	Os01g0241100
AT4G17330	Os10g0559600
AT2G20020	Os01g0495900
AT3G50685	Os10g0213700
AT4G24140	Os06g0132500
AT4G19860	Os04g0615100
AT1G56230	Os01g0347100
AT5G49150	Os09g0424701
AT4G06746	Os06g0166400
AT3G19720	Os12g0178700
AT5G35910	Os10g0437200
AT2G36690	Os08g0560000
AT1G07130	Os03g0366900
AT3G07050	Os01g0375000
AT1G19520	Os02g0611400
AT1G04280	Os05g0508800
AT3G06670	Os01g0337600
AT4G29920	Os04g0298700
AT3G13990	Os06g0206100
AT2G20000	Os06g0622500
AT4G15545	Os05g0406000
AT4G33180	Os07g0612400
AT4G28190	Os01g0780800
AT1G55535	Os07g0223700
AT1G71850	Os03g0646200
AT3G61620	Os09g0252000
AT2G20890	Os07g0558500
AT4G24690	Os02g0593700
AT4G17740	Os02g0815700
AT5G58005	Os08g0441400
AT5G25930	Os06g0557100
AT4G38500	Os06g0724300
AT2G40770	Os07g0680500
AT2G37650	Os03g0690600
AT2G42760	Os06g0550800
AT5G14910	Os05g0337400
AT1G05055	Os04g0508900
AT1G04555	Os02g0816700
AT5G45360	Os06g0709100
AT2G34260	Os07g0660700
AT3G27820	Os02g0707100
AT2G33470	Os02g0622400
AT3G48190	Os01g0106700
AT1G49430	Os11g0558300
AT2G22670	Os05g0559400
AT1G74790	Os03g0691800
AT5G23050	Os09g0380050
AT1G09730	Os05g0207900
AT3G23600	Os05g0399100
AT5G16040	Os08g0430700
AT4G29840	Os05g0549700
AT3G01820	Os08g0118900
AT4G21610	Os01g0612700
AT1G66680	Os01g0121100
AT1G77210	Os09g0322000
AT5G67090	Os05g0435800
AT5G38510	Os02g0326700
AT1G33330	Os01g0887400
AT5G63620	Os08g0109200
AT3G18770	Os11g0162000
AT3G63460	Os07g0657200
AT5G44710	Os05g0148300
AT3G58490	Os03g0805400
AT5G04410	Os02g0822400
AT4G19140	Os04g0600400
AT5G03940	Os11g0153700
AT1G77020	Os02g0555700
AT3G13170	Os03g0752200
AT5G59600	Os03g0271300
AT3G27670	Os01g0169500
AT5G26600	Os01g0290100
AT1G49980	Os03g0616300
AT3G13040	Os06g0703900
AT3G01090	Os05g0530500
AT1G09340	Os12g0420200
AT4G19070	Os07g0143600
AT3G46610	Os12g0283900
AT1G34640	Os07g0622900
AT1G27880	Os04g0486800
AT3G01800	Os04g0490400
AT3G54440	Os01g0952600
AT1G16830	Os10g0578500
AT2G13360	Os08g0502700
AT3G27090	Os05g0498700
AT3G49900	Os07g0587200
AT5G47810	Os04g0469500
AT1G74250	Os12g0502700
AT2G40765	Os07g0680300
AT3G61060	Os04g0571300
AT5G47750	Os08g0491200
AT5G63870	Os08g0513000
AT5G66460	Os01g0663300
AT5G18200	Os07g0171200
AT1G25682	Os02g0324300
AT4G08150	Os03g0727000
AT1G01880	Os09g0521900
AT1G64390	Os01g0220100
AT4G27760	Os02g0116500
AT1G76710	Os04g0429100
AT1G65650	Os02g0822200
AT5G64700	Os05g0106200
AT4G32010	Os07g0679700
AT3G63390	Os11g0616200
AT3G46510	Os03g0275900
AT1G30010	Os12g0407300
AT3G48540	Os01g0765000
AT5G10070	Os03g0195200
AT1G30220	Os07g0151200
AT5G59520	Os01g0972200
AT1G06410	Os01g0730300
AT2G21960	Os04g0639300
AT4G30930	Os05g0557800
AT5G50260	Os08g0556900
AT2G32840	Os03g0234600
AT1G64050	Os02g0265700
AT1G52520	Os02g0608300
AT3G20150	Os03g0587200
AT2G18910	Os02g0461900
AT4G13430	Os02g0125100
AT1G28120	Os08g0537800
AT4G31115	Os08g0521800
AT4G39670	Os03g0710700
AT5G10690	Os09g0431600
AT3G52720	Os02g0533300
AT1G29990	Os02g0246300
AT3G10850	Os03g0332400
AT1G10510	Os06g0237502
AT1G01770	Os07g0457300
AT5G23390	Os02g0637800
AT5G38380	Os07g0283200
AT1G43690	Os04g0421800
AT2G01440	Os02g0710800
AT2G22570	Os02g0606800
AT1G69440	Os03g0449200
AT3G02645	Os06g0179500
AT4G30480	Os10g0486900
AT1G52500	Os08g0304900
AT1G63270	Os04g0627200
AT5G66390	Os01g0543100
AT1G02180	Os02g0834300
AT1G28100	Os10g0499600
AT5G67570	Os05g0315100
AT2G21195	Os07g0265100
AT5G60150	Os12g0102700
AT4G13980	Os02g0496100
AT3G59390	Os11g0267100
AT5G24130	Os05g0586700
AT4G05460	Os02g0317300
AT4G39820	Os02g0550400
AT1G44790	Os04g0448600
AT5G27280	Os06g0724400
AT1G79430	Os06g0664800
AT5G06360	Os07g0673100
AT2G30990	Os01g0758900
AT5G62440	Os03g0187000
AT1G30755	Os06g0716000
AT1G52780	Os01g0176800
ATCG00580	Os03g0659233
AT3G02100	Os03g0757100
AT4G34100	Os06g0639100
AT2G32900	Os11g0545700
AT5G50380	Os02g0505400
AT2G30170	Os01g0164600
AT5G20920	Os07g0681000
AT5G22040	Os03g0274700
AT3G07390	Os08g0524400
AT4G34960	Os09g0537600
AT1G27410	Os01g0783400
AT1G43860	Os08g0107500
AT2G16090	Os03g0233500
AT2G47240	Os05g0132100
AT3G50790	Os02g0649400
AT2G18245	Os02g0133900
AT3G57630	Os03g0174300
AT4G38600	Os02g0101700
AT5G55640	Os03g0595200
AT1G29040	Os01g0613300
AT3G06350	Os01g0375200
AT1G14990	Os01g0606050
AT4G16835	Os08g0153600
AT4G38620	Os09g0538400
AT3G62040	Os07g0634400
AT4G27080	Os07g0524100
AT1G60430	Os02g0235000
AT1G80080	Os01g0623000
AT1G19870	Os04g0663100
AT1G24450	Os03g0854400
AT3G12050	Os08g0464000
AT5G01360	Os03g0291200
AT5G12870	Os12g0515300
AT5G65760	Os01g0767100
AT1G07615	Os11g0704300
AT1G32810	Os04g0221600
AT1G19600	Os01g0105900
AT5G55190	Os01g0611100
AT5G19130	Os01g0682200
AT2G43110	Os04g0348100
AT5G41685	Os01g0626300
AT1G03010	Os03g0347700
AT5G55125	Os11g0516100
AT5G20900	Os04g0653000
AT1G09794	Os12g0182600
AT5G10860	Os03g0737000
AT4G36530	Os02g0705100
AT2G46910	Os10g0509200
AT2G05830	Os11g0216900
AT5G12400	Os07g0661550
AT5G60100	Os03g0284100
AT2G22300	Os10g0375600
AT3G05410	Os01g0934400
AT4G38495	Os04g0274400
AT5G60960	Os07g0603900
AT1G21760	Os04g0431200
AT3G18510	Os06g0618300
AT1G18850	Os01g0112100
AT5G25580	Os01g0180700
AT1G16740	Os05g0528200
ATCG00810	Os12g0488300
AT1G66810	Os01g0645000
AT1G28150	Os04g0528100
AT3G07560	Os07g0152800
AT3G28030	Os03g0205400
AT2G36360	Os03g0835800
AT4G10760	Os02g0672600
AT5G45140	Os03g0403100
AT1G64890	Os05g0389400
AT4G04780	Os08g0135600
AT2G21150	Os09g0535300
AT2G02560	Os02g0167700
AT3G57430	Os04g0118700
AT5G50410	Os08g0531200
AT1G70190	Os05g0554100
AT3G10670	Os03g0332700
AT2G44990	Os04g0550600
AT5G67320	Os07g0405100
AT5G47680	Os02g0725600
AT1G76570	Os09g0296800
AT3G12660	Os02g0461500
AT4G39850	Os05g0107600
AT1G27380	Os11g0472600
AT4G39710	Os02g0751600
AT2G35790	Os03g0853800
AT1G32700	Os04g0591100
AT2G33570	Os02g0712500
AT1G09920	Os03g0356652
AT4G16180	Os03g0310500
AT1G64660	Os10g0517500
AT1G08125	Os02g0818700
AT3G11540	Os08g0559300
AT5G20950	Os03g0749300
AT4G20330	Os10g0397200
AT2G17020	Os03g0135400
AT3G09430	Os07g0695700
AT1G08190	Os04g0195000
AT5G64930	Os02g0770100
AT4G17830	Os02g0690800
AT2G13690	Os07g0259700
AT2G01640	Os12g0244500
AT5G05220	Os03g0334300
AT1G04690	Os02g0817500
AT4G01130	Os06g0160200
AT1G05350	Os02g0506500
AT5G62640	Os07g0192900
AT3G22190	Os03g0787200
AT1G26760	Os03g0168700
AT5G05010	Os05g0310800
AT5G58300	Os05g0480400
AT4G30310	Os02g0177900
AT3G58590	Os01g0754700
AT1G01260	Os01g0235700
AT1G59760	Os12g0279000
AT5G58320	Os01g0167900
AT1G08640	Os10g0478100
AT4G20740	Os07g0179000
AT2G23840	Os07g0170200
AT3G54540	Os03g0441500
AT5G05200	Os07g0227800
AT5G06590	Os12g0623400
AT3G55040	Os03g0283100
AT2G16710	Os12g0485500
AT5G57030	Os01g0581300
AT1G68920	Os09g0474100
AT3G12210	Os03g0728600
AT3G09980	Os04g0408600
AT5G02160	Os05g0110100
AT4G38650	Os05g0304900
AT2G16850	Os04g0233400
AT2G37500	Os03g0279400
AT4G35730	Os09g0547200
AT2G45540	Os02g0663300
AT3G22640	Os03g0793700
AT1G09160	Os03g0301700
AT4G34150	Os06g0638900
AT2G32950	Os02g0771100
AT4G18390	Os07g0152000
AT2G20390	Os04g0129600
AT5G62190	Os09g0520700
AT1G71350	Os02g0557600
AT4G39470	Os05g0182100
AT5G10490	Os03g0432900
AT5G66560	Os03g0767600
AT3G52260	Os03g0288500
AT2G28790	Os01g0839900
AT4G26680	Os10g0363500
AT5G35430	Os09g0123100
AT1G29150	Os04g0444600
AT4G30880	Os01g0800600
AT2G15680	Os09g0458700
AT1G23260	Os03g0712300
AT2G36305	Os05g0357700
AT4G10790	Os10g0520600
AT1G24470	Os11g0432600
AT3G19510	Os06g0229300
AT5G27560	Os06g0146300
AT5G58370	Os03g0816400
AT5G08030	Os01g0763600
AT1G19850	Os04g0664400
AT3G55960	Os01g0833100
AT5G36950	Os05g0417100
AT1G64860	Os08g0163400
AT2G02590	Os03g0800500
AT2G20280	Os01g0834700
AT1G70160	Os09g0392000
AT4G39420	Os01g0182900
AT5G03370	Os06g0264700
AT2G34680	Os07g0148800
AT3G18480	Os03g0710900
AT4G26310	Os03g0806400
AT1G77360	Os03g0761300
AT1G79830	Os05g0559900
AT5G62840	Os01g0660900
AT2G17140	Os02g0132100
AT4G02530	Os06g0705100
AT1G72040	Os01g0874100
AT4G38710	Os02g0439700
AT5G35980	Os02g0702500
AT5G45660	Os01g0727900
AT1G49245	Os07g0452700
AT1G25360	Os07g0588100
AT1G04210	Os03g0744300
AT1G71780	Os01g0715800
AT4G25650	Os03g0805700
AT1G04020	Os04g0512400
AT1G08840	Os04g0588200
AT5G60990	Os03g0669000
AT1G21790	Os01g0869600
AT4G39400	Os01g0718300
AT4G10250	Os04g0445100
AT4G13830	Os01g0101700
AT4G28730	Os08g0565800
AT3G07525	Os04g0497350
AT5G51430	Os06g0669600
AT3G07590	Os02g0586500
AT2G37570	Os01g0151100
AT2G28250	Os02g0110600
AT1G71500	Os11g0242400
AT3G55120	Os03g0819600
AT1G14150	Os02g0578400
AT5G48545	Os12g0233300
AT1G73390	Os04g0527400
AT1G15730	Os02g0800000
AT5G43680	Os11g0550900
AT1G01290	Os04g0460500
AT5G67550	Os11g0264500
AT1G01225	Os08g0546900
AT2G01900	Os03g0238300
AT5G63320	Os02g0601800
AT5G39410	Os07g0597100
AT5G45890	Os04g0206300
AT1G64140	Os01g0621900
AT3G52380	Os07g0158300
AT4G01935	Os01g0252600
AT1G78630	Os01g0749200
AT5G02190	Os01g0844500
AT5G23590	Os03g0136800
AT5G12470	Os05g0388600
AT1G32410	Os02g0803400
AT5G25770	Os06g0163200
AT1G27290	Os09g0507400
AT2G22370	Os02g0193900
AT3G52610	Os01g0861900
AT4G31330	Os08g0521000
AT2G20360	Os02g0816800
AT2G27900	Os10g0546300
AT2G04240	Os08g0492500
AT5G43310	Os03g0861100
AT5G04480	Os10g0546200
AT4G08230	Os03g0263700
AT2G03150	Os06g0562700
AT5G65200	Os06g0238200
AT5G10460	Os08g0542600
AT5G67370	Os03g0439700
AT4G38470	Os09g0544300
AT1G17110	Os02g0244300
AT1G04945	Os01g0962500
AT1G03760	Os01g0928300
AT2G27920	Os03g0393700
AT2G35760	Os03g0196400
AT1G52320	Os01g0500500
AT5G02640	Os05g0120300
AT1G25375	Os01g0133500
AT3G03560	Os03g0707300
AT2G48060	Os01g0388500
AT5G65220	Os02g0754300
AT1G64690	Os10g0562600
AT1G72990	Os05g0539400
AT5G64510	Os01g0767600
AT1G10310	Os02g0557700
AT3G27550	Os05g0145300
AT4G19390	Os06g0710300
AT5G60040	Os04g0492300
AT5G55950	Os02g0724500
AT1G25280	Os05g0437900
AT3G01370	Os04g0464800
AT3G51030	Os07g0186000
AT3G17609	Os01g0174000
AT1G27750	Os01g0765300
AT3G08980	Os04g0165600
AT1G34340	Os01g0871100
AT2G41530	Os01g0939700
AT5G44520	Os03g0781400
AT3G58560	Os03g0166800
AT1G76780	Os12g0165200
AT5G04930	Os01g0277600
AT5G38720	Os02g0728700
AT4G04350	Os01g0120300
AT2G45340	Os06g0134700
AT1G78980	Os09g0559900
AT3G03305	Os01g0894000
AT1G07010	Os10g0394100
AT1G29195	Os01g0758500
AT1G33980	Os04g0440100
AT1G07220	Os05g0149500
AT1G29120	Os06g0154400
AT3G10400	Os09g0549500
AT1G18060	Os01g0120500
AT5G66360	Os07g0509600
AT2G32970	Os02g0771800
AT5G50810	Os08g0535600
AT5G22120	Os01g0965600
AT2G30100	Os05g0353300
AT1G44760	Os05g0428400
AT3G54340	Os06g0712700
AT1G62180	Os07g0509800
AT3G03341	Os01g0644200
AT4G38090	Os08g0478100
AT1G11530	Os04g0629500
AT2G37300	Os03g0283400
AT1G21200	Os12g0163500
AT1G33430	Os05g0427200
AT2G33550	Os02g0516800
AT3G04130	Os02g0601600
AT1G06720	Os03g0333100
AT1G78430	Os01g0757600
AT3G53630	Os03g0279600
AT3G05810	Os01g0299400
AT5G22100	Os03g0833700
AT5G08180	Os06g0274200
AT3G26360	Os03g0694700
AT2G30120	Os03g0818000
AT2G45730	Os04g0112300
AT5G50290	Os05g0409100
AT4G35540	Os08g0532500
AT1G22630	Os05g0105800
AT1G61770	Os12g0258200
AT4G30510	Os02g0791800
AT4G14540	Os07g0606600
AT3G62120	Os12g0443700
AT1G50575	Os03g0587100
AT1G18450	Os08g0137200
AT1G05370	Os03g0219100
AT3G11340	Os11g0444000
AT3G10420	Os07g0187400
AT1G19800	Os04g0553000
AT1G10930	Os04g0433800
AT3G61350	Os02g0114600
AT1G19025	Os01g0881400
AT2G26040	Os06g0562200
AT4G12750	Os07g0619600
AT4G25450	Os07g0464600
AT2G07170	Os09g0560000
AT2G32640	Os08g0422000
AT3G22950	Os11g0586900
AT5G38290	Os01g0132800
AT3G45620	Os03g0286800
AT1G77590	Os12g0168700
AT3G16730	Os07g0517300
AT5G19485	Os06g0338900
AT1G26220	Os08g0102000
AT2G03120	Os02g0117400
AT5G52200	Os05g0301600
AT5G47510	Os07g0456500
AT2G34930	Os12g0273900
AT3G01780	Os02g0793100
AT1G27700	Os10g0343100
AT3G59280	Os10g0479600
AT1G51100	Os01g0676200
AT4G39870	Os06g0221100
AT4G36910	Os08g0313200
AT5G26570	Os12g0297500
AT5G27390	Os05g0401300
AT3G18310	Os03g0240400
AT1G30270	Os07g0150700
AT5G62950	Os12g0488800
AT3G23350	Os08g0567100
AT3G27520	Os02g0595300
AT5G52010	Os06g0166200
AT5G65250	Os08g0484800
AT5G52220	Os09g0299300
AT4G17430	Os10g0561200
AT3G07360	Os02g0488600
AT5G35630	Os04g0659100
AT1G65320	Os01g0920000
AT5G10020	Os07g0626500
AT1G18600	Os01g0763100
AT4G04320	Os09g0394100
AT1G75580	Os02g0445600
AT3G12490	Os01g0270100
AT5G59350	Os11g0703600
AT4G29540	Os01g0722100
AT5G01305	Os01g0831000
AT3G21360	Os01g0190000
AT5G25610	Os01g0733500
AT2G26990	Os01g0279200
AT5G67500	Os03g0202200
AT3G18680	Os01g0965400
AT2G01950	Os10g0114400
AT4G39620	Os02g0750400
AT3G52770	Os04g0411200
AT2G36660	Os03g0278500
AT2G46980	Os10g0405500
AT4G23760	Os01g0224300
AT4G02980	Os12g0529400
AT2G22870	Os03g0232500
AT5G48150	Os07g0583600
AT3G13960	Os02g0776900
AT5G03450	Os10g0545600
AT2G04842	Os02g0538000
AT1G43722	Os11g0202600
AT3G05480	Os03g0345100
AT5G43750	Os01g0929100
AT4G14970	Os07g0154400
AT1G55915	Os06g0191200
AT5G27460	Os02g0796400
AT1G77140	Os02g0437800
AT2G19830	Os09g0267600
AT5G43810	Os06g0597400
AT4G31830	Os09g0127700
AT2G20860	Os04g0455800
AT3G18580	Os01g0642900
AT4G39520	Os07g0627800
AT2G11520	Os09g0123300
AT5G26820	Os12g0562100
AT5G41760	Os06g0523400
AT3G57910	Os08g0509500
AT5G50930	Os04g0397700
AT5G25510	Os05g0555100
AT5G44650	Os01g0798500
AT5G16120	Os10g0135600
AT3G11950	Os02g0605500
AT5G58450	Os05g0345400
AT5G45390	Os10g0580800
AT3G17040	Os03g0308800
AT3G52880	Os09g0567300
AT5G65685	Os02g0807100
AT1G75680	Os09g0533900
AT5G14530	Os05g0543300
AT1G13180	Os02g0596900
AT3G17170	Os12g0563200
AT1G73020	Os01g0706700
AT1G30130	Os07g0153300
AT5G58060	Os01g0964000
AT5G63800	Os05g0428100
AT3G44020	Os01g0930000
AT5G47380	Os10g0559800
AT3G12360	Os03g0281000
AT1G73805	Os01g0134700
AT4G04850	Os12g0617800
AT3G10370	Os04g0224900
AT5G67620	Os03g0200200
AT5G63090	Os01g0169400
AT5G43290	Os01g0972800
AT1G20110	Os06g0724100
AT3G13120	Os03g0196800
AT2G31890	Os03g0425000
AT4G19890	Os11g0607100
AT3G23820	Os08g0526100
AT1G27310	Os08g0532300
AT3G07490	Os12g0228800
AT3G01060	Os05g0512200
AT2G26230	Os01g0865100
AT5G58600	Os03g0290900
AT5G03870	Os04g0412800
AT1G50020	Os11g0549900
AT4G30610	Os02g0794500
AT3G59490	Os09g0515300
AT3G15430	Os07g0459400
AT3G58050	Os10g0105400
AT2G20140	Os03g0298400
AT4G26750	Os06g0308800
AT3G23940	Os08g0559600
AT2G24830	Os02g0793000
AT4G01790	Os07g0636400
AT4G28840	Os05g0559316
AT4G14965	Os03g0205500
AT1G04390	Os06g0674800
AT4G26810	Os09g0133000
AT1G69340	Os10g0444400
AT2G43030	Os02g0137200
AT5G19010	Os11g0271100
AT3G27060	Os06g0257450
AT1G76420	Os08g0511200
AT5G10560	Os04g0530700
AT4G36830	Os12g0635700
AT3G17626	Os03g0828100
AT2G35130	Os02g0170000
AT4G27790	Os04g0681500
AT5G19220	Os03g0735000
AT5G05080	Os06g0660700
AT3G61800	Os02g0293800
AT2G36000	Os03g0360600
AT5G26667	Os02g0778400
AT5G13950	Os07g0461600
AT4G13330	Os04g0510700
AT1G79740	Os01g0222700
AT5G26940	Os04g0623400
AT4G27250	Os06g0683100
AT2G40700	Os05g0110500
AT2G20690	Os12g0541000
AT1G34160	Os12g0270200
AT3G48160	Os02g0739700
AT4G25780	Os02g0786900
AT1G06680	Os07g0141400
AT4G03260	Os07g0106100
AT3G48900	Os08g0101600
AT1G76400	Os05g0301500
AT3G12280	Os08g0538700
AT5G64410	Os01g0630200
AT2G27730	Os08g0559000
AT2G41430	Os03g0353400
AT1G65470	Os01g0896300
AT3G63490	Os05g0388500
AT3G49640	Os04g0531300
AT1G50000	Os03g0729700
AT4G16535	Os10g0507500
AT3G58460	Os03g0651100
AT2G15290	Os02g0187600
AT2G01730	Os09g0397900
AT1G31240	Os02g0699900
AT5G11960	Os01g0708300
AT2G13560	Os07g0496200
AT4G18490	Os01g0755100
AT3G54900	Os03g0851200
AT3G59140	Os06g0158900
AT1G30080	Os06g0531000
AT4G04670	Os07g0515000
AT3G18290	Os01g0689451
AT4G39370	Os04g0429200
AT5G48120	Os07g0177100
AT1G71865	Os01g0871350
AT5G02540	Os01g0151700
AT2G20490	Os02g0618250
AT4G12680	Os06g0300500
AT1G10700	Os01g0723600
AT4G21720	Os04g0680300
AT5G23140	Os04g0525600
AT3G51240	Os04g0662600
AT3G11920	Os10g0482900
AT5G16150	Os01g0133400
AT1G10580	Os03g0397500
AT5G26710	Os10g0369000
AT5G64380	Os06g0664200
AT5G13840	Os01g0972900
AT1G11430	Os08g0139100
AT1G42990	Os06g0622700
AT4G04025	Os04g0447900
AT5G26850	Os03g0308200
AT1G04560	Os07g0422100
AT4G08170	Os03g0726200
AT1G05060	Os06g0239700
AT1G05450	Os07g0175500
AT1G78530	Os01g0247500
AT1G18370	Os01g0513900
AT2G33450	Os05g0101400
AT5G59710	Os02g0782200
AT2G04030	Os08g0487800
AT5G01210	Os01g0854000
AT4G35440	Os01g0704700
AT4G30410	Os02g0178700
AT5G01020	Os11g0121400
AT1G24300	Os01g0924600
AT4G21700	Os01g0678000
AT3G11900	Os03g0817200
AT3G32940	Os08g0100700
AT5G17640	Os08g0163500
AT2G22650	Os06g0181400
AT1G73050	Os06g0656000
AT2G42220	Os09g0279400
AT1G67080	Os01g0128300
AT3G63140	Os07g0212200
AT3G16840	Os04g0510400
AT4G28950	Os05g0513800
AT3G16175	Os01g0229500
AT3G20230	Os02g0689700
AT3G23710	Os07g0290800
AT3G19260	Os03g0264000
AT1G18550	Os01g0605500
AT1G45207	Os02g0767000
AT1G13030	Os12g0288600
AT1G65820	Os03g0709000
AT3G07860	Os04g0663500
AT4G21580	Os02g0805600
AT1G68540	Os01g0127500
AT4G19460	Os01g0653200
AT5G48960	Os01g0250900
AT3G14240	Os08g0452100
AT1G66510	Os04g0132300
AT2G37090	Os05g0123100
AT5G11150	Os06g0174400
AT4G01200	Os01g0659800
AT5G50310	Os04g0483600
AT1G05620	Os03g0425200
AT5G04290	Os05g0506200
AT4G25550	Os04g0683100
AT2G33620	Os08g0512400
AT1G15950	Os08g0441500
AT3G21690	Os03g0571900
AT5G61140	Os03g0213400
AT1G27480	Os03g0730000
AT1G71870	Os03g0839200
AT1G12250	Os02g0643500
AT2G22420	Os09g0471100
AT4G02630	Os05g0436100
AT5G57110	Os04g0605500
AT1G77490	Os02g0553200
AT2G23540	Os07g0668300
AT4G04940	Os06g0644600
AT5G64260	Os06g0219900
AT2G28315	Os02g0628200
AT3G21070	Os01g0957000
AT5G66860	Os03g0612600
AT1G76450	Os08g0512500
AT3G03210	Os10g0539400
AT5G13160	Os02g0513000
AT3G19610	Os07g0588300
AT5G27660	Os11g0246600
AT3G03890	Os07g0573800
AT2G15580	Os02g0798200
AT4G32760	Os06g0332400
AT1G76060	Os03g0136600
AT1G71695	Os01g0962700
AT1G80010	Os03g0843700
AT4G30770	Os11g0195700
AT5G41270	Os01g0541600
AT1G31335	Os03g0780200
AT5G19790	Os07g0204000
AT2G40290	Os03g0296400
AT3G05680	Os03g0554900
AT2G34700	Os05g0531400
AT5G03650	Os02g0528200
AT1G19300	Os03g0678800
AT1G57540	Os01g0250600
AT4G37030	Os04g0449500
AT1G12790	Os05g0588200
AT5G06210	Os04g0414300
AT3G01420	Os12g0448900
AT5G44450	Os03g0780900
AT2G43180	Os04g0504600
AT5G12300	Os01g0953500
AT3G12590	Os01g0974300
AT3G29240	Os10g0330400
AT5G05130	Os07g0642400
AT4G24460	Os12g0511300
AT3G07140	Os11g0479232
AT1G77405	Os03g0736200
AT3G66658	Os07g0688800
AT2G34580	Os02g0244000
AT5G04810	Os04g0684500
AT1G01930	Os04g0574600
AT5G04750	Os08g0558900
AT1G05600	Os01g0913800
AT4G06536	Os02g0614700
AT4G02680	Os07g0178100
AT2G27550	Os11g0152500
AT2G36960	Os03g0241100
AT2G38270	Os12g0175500
AT4G28600	Os10g0471400
AT5G13420	Os01g0926300
AT1G69370	Os01g0764400
AT4G32915	Os03g0651000
AT5G62550	Os06g0589500
AT5G56750	Os02g0224800
AT4G35800	Os05g0151000
AT1G72280	Os03g0733800
AT1G15060	Os01g0692600
AT1G14560	Os01g0708900
AT2G26590	Os05g0594800
AT3G57610	Os03g0699300
AT2G14835	Os10g0346200
AT3G14760	Os02g0321600
AT1G55270	Os10g0409900
AT4G29940	Os02g0147800
AT3G01920	Os08g0531300
AT1G75980	Os02g0120400
AT1G27980	Os01g0100900
AT1G12110	Os08g0155400
AT5G39830	Os04g0459900
AT1G65440	Os05g0494900
AT5G57250	Os01g0263400
AT4G26530	Os06g0608700
AT5G37360	Os02g0815400
AT1G50120	Os06g0618600
AT3G01160	Os07g0531700
AT1G49880	Os03g0206300
AT1G22750	Os06g0581300
AT4G18040	Os01g0970400
AT2G45650	Os02g0682200
AT1G08370	Os12g0156400
AT5G56290	Os08g0500100
AT5G55500	Os08g0503800
AT3G04240	Os02g0489550
AT3G55390	Os12g0568700
AT1G79770	Os02g0229900
AT3G12345	Os06g0484500
AT2G35030	Os11g0433101
AT3G54650	Os12g0601000
AT1G03030	Os12g0601200
AT3G27160	Os02g0189000
AT1G08550	Os04g0379700
AT5G54890	Os08g0188000
AT4G37080	Os09g0463300
AT5G63970	Os01g0960500
AT5G13400	Os01g0103100
AT5G20570	Os01g0106800
AT5G16890	Os01g0811400
AT3G33520	Os01g0269900
AT3G11400	Os02g0788400
AT3G13682	Os08g0143400
AT5G63190	Os08g0120500
AT1G68300	Os01g0511100
AT5G58160	Os02g0794900
AT3G23640	Os07g0420700
AT1G05950	Os09g0514500
AT3G06920	Os07g0249100
AT4G29670	Os05g0200100
AT3G29760	Os07g0109300
AT5G17710	Os02g0612000
AT5G54660	Os05g0500500
AT5G64330	Os02g0568200
AT1G11480	Os07g0546100
AT3G13677	Os03g0581650
AT2G41680	Os07g0657900
AT4G20930	Os06g0677400
AT5G20350	Os06g0644500
AT5G03900	Os02g0533000
AT5G51810	Os03g0856700
AT1G09320	Os05g0132400
AT1G55265	Os03g0692700
AT5G08415	Os05g0511500
AT4G18905	Os01g0924300
AT4G28450	Os01g0238900
AT4G19100	Os06g0319800
AT5G51750	Os04g0573300
AT5G09250	Os02g0553600
AT1G48310	Os07g0636200
AT1G09300	Os12g0563500
AT4G34412	Os01g0142200
AT5G13650	Os02g0285800
AT3G15680	Os02g0203700
AT5G09790	Os01g0965500
AT1G71950	Os05g0432700
AT5G51290	Os02g0656200
AT3G13000	Os06g0704100
AT1G60770	Os04g0320200
AT1G56560	Os01g0332100
AT5G63640	Os08g0109000
AT2G37440	Os05g0114100
AT1G78580	Os05g0518600
AT3G13890	Os01g0709000
AT4G29820	Os08g0398800
AT5G35750	Os10g0362300
AT4G21530	Os02g0785900
AT5G38630	Os08g0384000
AT5G16020	Os01g0605400
AT1G11930	Os05g0150000
AT5G15130	Os06g0146250
AT3G17668	Os04g0589200
AT1G73960	Os09g0410125
AT5G58920	Os01g0362000
AT1G78700	Os01g0203000
AT5G25830	Os01g0745700
AT3G44960	Os10g0457400
AT5G16210	Os01g0514300
AT1G79380	Os08g0135400
AT2G07360	Os03g0265700
AT5G63440	Os07g0295200
AT4G09020	Os09g0469400
AT3G03100	Os10g0579300
AT5G49690	Os01g0865400
AT2G45870	Os03g0106000
AT4G25340	Os04g0446500
AT4G20310	Os01g0654200
AT2G02170	Os02g0116800
AT5G13450	Os06g0646500
AT3G03960	Os03g0804800
AT1G08500	Os01g0281600
AT2G26280	Os06g0199200
AT4G08455	Os07g0258700
AT1G54310	Os02g0173700
AT1G03180	Os05g0251400
AT3G26990	Os01g0925000
AT5G11460	Os01g0593200
AT5G06120	Os03g0616700
AT1G22700	Os10g0460900
AT3G54870	Os03g0152900
AT3G16060	Os01g0625200
AT3G58100	Os06g0537700
AT2G45600	Os08g0547800
AT1G08780	Os03g0628900
AT4G37130	Os09g0453500
AT1G71840	Os03g0685600
AT5G22390	Os12g0155100
AT2G43080	Os04g0346000
AT1G15420	Os01g0649000
AT2G45620	Os10g0188300
AT3G29385	Os03g0213300
AT2G30390	Os05g0361200
AT4G14465	Os02g0820800
AT1G69500	Os03g0168600
AT4G14850	Os11g0583200
AT5G56580	Os01g0510100
AT3G02360	Os06g0111500
AT3G53720	Os05g0113300
AT4G25730	Os05g0567400
AT3G59990	Os12g0628500
AT1G53520	Os02g0320300
AT5G59440	Os07g0639900
AT3G49055	Os08g0559800
AT1G05840	Os02g0473200
AT4G09890	Os06g0686600
AT1G48930	Os04g0674800
AT1G69780	Os10g0404900
AT4G28650	Os02g0111800
AT1G08520	Os03g0811100
AT1G28360	Os05g0497200
AT4G35850	Os05g0145600
AT2G02040	Os03g0719900
AT5G54855	Os02g0317800
AT1G11680	Os11g0525200
AT2G41480	Os01g0172600
AT5G48660	Os03g0848400
AT3G48420	Os03g0565200
AT1G76920	Os04g0686700
AT1G34420	Os12g0182300
AT3G62390	Os03g0307700
AT2G19880	Os01g0906000
AT4G31880	Os04g0501600
AT5G60590	Os03g0201600
AT3G60300	Os11g0565400
AT3G06950	Os05g0279300
AT5G16460	Os12g0148700
AT1G74240	Os03g0213800
AT1G09570	Os03g0719800
AT4G11790	Os03g0667700
AT5G16715	Os07g0163500
AT5G14700	Os01g0639200
AT3G51270	Os01g0888700
AT5G47740	Os06g0291500
AT3G43240	Os08g0451400
AT1G02010	Os06g0135900
AT2G42110	Os03g0128300
AT2G06520	Os07g0673550
AT1G78810	Os06g0153600
AT5G07440	Os04g0543900
AT1G79260	Os01g0679600
AT2G39725	Os08g0278600
AT5G28770	Os03g0796900
AT2G05810	Os09g0135800
AT5G13870	Os11g0539200
AT4G02930	Os03g0851100
AT1G33810	Os08g0112600
AT4G38213	Os08g0512100
AT5G51720	Os07g0467200
AT1G75630	Os05g0106100
AT5G14580	Os02g0617700
AT3G13050	Os03g0638200
AT2G37970	Os01g0850900
AT4G34360	Os11g0557700
AT3G07990	Os01g0833500
AT5G02570	Os01g0839500
AT5G20320	Os04g0509300
AT1G18730	Os02g0744000
AT2G21280	Os02g0834700
AT1G67180	Os08g0414200
AT2G03390	Os08g0172200
AT1G64230	Os02g0261100
AT4G29850	Os02g0176400
AT3G02280	Os01g0733600
AT5G20300	Os12g0197400
AT3G19910	Os09g0535100
AT3G63170	Os07g0571600
AT1G55760	Os08g0495500
AT5G61990	Os07g0300200
AT5G48020	Os02g0717500
AT2G32320	Os05g0535500
AT3G59040	Os08g0191900
AT5G51700	Os02g0535400
AT4G19150	Os10g0580700
AT1G68570	Os06g0264500
AT1G52155	Os11g0466300
AT1G71696	Os06g0144600
AT5G01960	Os05g0316000
AT1G33290	Os12g0209000
AT1G28280	Os01g0747800
AT5G58950	Os01g0201200
AT5G37590	Os04g0278200
AT1G18340	Os02g0125800
AT5G17670	Os02g0129900
AT5G23040	Os09g0380200
AT3G61440	Os04g0165700
AT2G45060	Os02g0104800
AT2G38760	Os05g0382900
AT1G44835	Os02g0767700
AT5G14720	Os06g0486400
AT4G04190	Os04g0410300
AT1G01630	Os03g0850700
AT1G27530	Os10g0205200
AT5G20850	Os11g0615800
AT1G08060	Os06g0102800
AT5G65110	Os11g0605500
AT5G13520	Os03g0819100
AT5G64830	Os04g0640800
AT4G00755	Os03g0116800
AT3G27730	Os02g0617500
AT2G43760	Os02g0140300
AT3G51130	Os06g0714000
AT4G26980	Os06g0679700
AT2G27450	Os02g0533900
AT5G10150	Os03g0192300
AT2G15980	Os12g0407900
AT2G04270	Os08g0323600
AT1G13270	Os04g0610500
AT5G45120	Os05g0511050
AT5G17570	Os04g0577500
AT4G32180	Os09g0533100
AT2G44660	Os02g0688500
AT2G34980	Os02g0622200
AT5G02820	Os03g0284800
AT1G69450	Os12g0582800
AT1G68090	Os09g0394900
AT3G15290	Os01g0796400
AT3G09085	Os03g0265800
AT5G37690	Os02g0732800
AT4G22790	Os03g0858800
AT1G19440	Os05g0568000
AT3G20070	Os06g0245600
AT1G70620	Os04g0661700
AT1G34370	Os01g0871200
AT5G35680	Os02g0300700
AT2G24765	Os08g0248900
AT1G64040	Os06g0164100
AT2G23940	Os02g0666800
AT4G31770	Os03g0725300
AT3G60850	Os03g0247100
AT1G65540	Os04g0496800
AT5G14310	Os01g0902300
AT5G02090	Os05g0456900
AT2G16950	Os04g0691500
AT1G69060	Os03g0752700
AT1G16720	Os06g0704700
AT3G10840	Os12g0118400
AT2G01060	Os09g0299200
AT3G27340	Os02g0197800
AT3G16520	Os01g0697100
AT5G60690	Os10g0480200
AT5G13780	Os04g0635800
AT3G22450	Os10g0484400
AT3G18630	Os04g0673400
AT2G17990	Os06g0715400
AT1G09800	Os12g0194800
AT4G38440	Os06g0574400
AT3G48550	Os04g0386300
AT3G01340	Os02g0135800
AT5G13500	Os05g0386000
AT1G74030	Os09g0375000
AT1G17200	Os04g0281900
AT5G60070	Os03g0281100
AT2G32850	Os02g0591900
AT5G14680	Os02g0707900
AT1G08450	Os05g0507300
AT1G04120	Os03g0142800
AT3G06730	Os08g0378900
AT5G11390	Os01g0235350
AT4G14300	Os10g0470900
AT1G32740	Os10g0565500
AT1G69600	Os08g0438400
AT2G45520	Os06g0129800
AT1G78930	Os09g0560100
AT4G02750	Os09g0327200
AT2G44020	Os02g0783100
AT1G11580	Os01g0788400
AT1G56050	Os03g0781000
AT1G68940	Os06g0275700
AT5G62600	Os10g0477800
AT4G23030	Os02g0676400
AT2G23820	Os02g0179100
AT1G18950	Os03g0802800
AT2G47790	Os12g0294100
AT4G37270	Os06g0690700
AT2G27600	Os02g0159900
AT1G24440	Os07g0275300
AT1G08620	Os05g0196500
AT3G12040	Os02g0774500
AT3G10920	Os05g0323900
AT1G08600	Os10g0457700
AT5G43430	Os04g0182800
AT4G31410	Os02g0150900
AT2G23090	Os07g0114300
AT2G13100	Os06g0179900
AT3G20860	Os02g0590800
AT3G46980	Os01g0852200
AT3G29130	Os03g0640400
AT5G05240	Os02g0132200
AT5G54390	Os02g0805500
AT3G07230	Os12g0405700
AT1G28490	Os11g0168100
AT5G03730	Os09g0566550
AT3G54500	Os01g0498200
AT2G01620	Os08g0428100
AT1G04960	Os09g0482740
AT4G02290	Os01g0312800
AT5G58730	Os03g0737701
AT1G72070	Os06g0650900
AT2G17040	Os03g0133000
AT2G45500	Os06g0130000
AT5G22050	Os07g0159700
AT2G46290	Os05g0256000
AT1G53600	Os08g0131000
AT2G46225	Os01g0622700
AT1G11720	Os04g0624600
AT1G49380	Os03g0769600
AT1G55080	Os01g0501000
AT5G53130	Os06g0527100
AT3G62660	Os03g0300900
AT5G48390	Os01g0890900
AT1G66330	Os05g0148700
AT2G32090	Os03g0659300
AT1G09850	Os05g0508300
AT3G09510	Os01g0967700
AT3G48500	Os01g0901900
AT5G63540	Os04g0391000
AT3G02070	Os04g0402300
AT1G28690	Os03g0369700
AT1G15780	Os08g0564800
AT1G49410	Os03g0626200
AT4G39840	Os08g0411300
AT2G32800	Os11g0445300
AT5G43630	Os01g0775100
AT3G14080	Os04g0445800
AT5G52110	Os10g0522500
AT5G20820	Os08g0452500
AT5G11560	Os05g0230600
AT4G08280	Os02g0767900
AT4G22200	Os05g0428700
AT5G42765	Os03g0774400
AT3G02690	Os10g0493900
AT2G41720	Os07g0213300
AT3G60800	Os03g0804300
AT5G04430	Os02g0822300
AT5G02850	Os09g0540500
AT1G69420	Os03g0209500
AT3G12955	Os12g0609600
AT5G44730	Os06g0665100
AT2G40980	Os02g0502500
AT1G78310	Os03g0190000
AT5G02710	Os03g0363400
AT5G38530	Os06g0632200
AT1G14000	Os07g0632800
AT1G77230	Os02g0553500
AT1G23740	Os08g0379400
AT1G69400	Os03g0758700
AT1G16810	Os02g0727500
AT4G22010	Os06g0678800
AT3G46630	Os08g0308700
AT4G00585	Os09g0560300
AT2G16920	Os01g0125900
AT1G26110	Os01g0111200
AT3G52740	Os04g0412100
AT1G68850	Os06g0274800
AT1G28140	Os03g0850600
AT3G60820	Os09g0505600
AT1G22930	Os02g0556700
AT1G66740	Os05g0553800
AT1G70650	Os03g0712200
AT5G46180	Os03g0643300
AT1G76730	Os12g0168000
AT5G04980	Os05g0489000
AT5G15270	Os03g0376800
AT3G17590	Os02g0723700
AT5G09315	Os04g0475500
AT1G30240	Os05g0295900
AT2G40430	Os05g0144200
AT3G02875	Os07g0249700
AT2G21070	Os02g0121200
AT5G55060	Os07g0511000
AT5G20090	Os09g0373000
AT2G07690	Os02g0797400
AT5G47830	Os02g0158600
AT4G33250	Os03g0182700
AT4G02720	Os09g0455400
AT2G44050	Os04g0497400
AT5G08080	Os07g0164300
AT2G38130	Os11g0525800
AT5G12190	Os03g0811700
AT5G22000	Os03g0788800
AT3G02065	Os02g0201900
AT2G21860	Os01g0716400
AT4G34140	Os01g0170100
AT1G11290	Os06g0112000
AT1G49770	Os04g0429400
AT1G71340	Os11g0236000
AT5G22890	Os08g0562300
AT2G33730	Os03g0708600
AT1G04150	Os02g0816000
AT4G39160	Os03g0840500
AT4G18230	Os03g0423200
AT2G26140	Os01g0574500
AT4G10110	Os05g0427300
AT4G15140	Os04g0504200
AT2G34630	Os06g0678200
AT5G55600	Os07g0607300
AT2G19260	Os04g0425100
AT1G35660	Os01g0873800
AT2G47010	Os05g0272800
AT2G18290	Os05g0579800
AT3G20490	Os04g0625100
AT1G71730	Os05g0182000
AT4G14570	Os10g0415800
AT5G62650	Os01g0225300
AT2G26070	Os01g0711600
AT3G13560	Os07g0577300
AT4G02580	Os05g0509200
AT2G46580	Os03g0115500
AT5G49555	Os12g0631800
AT1G07110	Os05g0164100
AT4G28500	Os05g0563000
AT5G35930	Os06g0111600
AT3G45900	Os03g0853600
AT1G11750	Os03g0411500
AT2G30890	Os05g0565100
AT2G46700	Os06g0714200
AT5G22020	Os03g0750700
AT3G61540	Os06g0163600
AT4G39920	Os02g0557000
AT2G01650	Os09g0401600
AT3G02860	Os05g0495100
AT1G34580	Os04g0454200
AT1G78600	Os06g0152200
AT4G16490	Os07g0584900
AT3G14890	Os01g0737300
AT1G60800	Os01g0171000
AT1G08480	Os08g0112800
AT5G04920	Os01g0813500
AT5G15390	Os07g0598100
AT3G24190	Os02g0816600
AT5G57860	Os03g0364000
AT1G74960	Os07g0616200
AT4G00590	Os04g0682500
AT3G09850	Os08g0288500
AT2G27930	Os08g0560300
AT4G12340	Os05g0103500
AT1G02070	Os04g0551600
AT5G23110	Os04g0675101
AT1G79940	Os04g0307200
AT3G22480	Os12g0485800
AT5G66110	Os03g0156600
AT1G78870	Os01g0673600
AT4G25980	Os11g0210100
AT4G00525	Os04g0558500
AT5G62930	Os10g0476700
AT3G23330	Os07g0578800
AT3G51000	Os12g0636400
AT1G74120	Os12g0490000
AT2G01480	Os01g0841200
AT5G13290	Os01g0927500
AT2G42040	Os02g0773600
AT1G48520	Os11g0544800
AT3G10630	Os09g0296700
AT4G30440	Os02g0791500
AT5G26330	Os03g0807500
AT3G23740	Os01g0101800
AT5G04900	Os03g0654600
AT2G27480	Os08g0558100
AT1G51080	Os03g0138900
AT3G16810	Os03g0831100
AT5G46100	Os01g0672166
AT3G19970	Os06g0730300
AT2G16430	Os01g0776600
AT5G17380	Os01g0505400
AT3G15520	Os07g0565600
AT4G01990	Os01g0301700
AT1G78620	Os01g0729100
AT4G12730	Os09g0248100
AT5G10180	Os03g0195300
AT2G05620	Os08g0566600
AT5G22080	Os03g0261500
AT1G10950	Os11g0181100
AT5G50340	Os06g0151600
AT3G56210	Os03g0665800
AT5G49010	Os05g0143400
AT3G08650	Os05g0316100
AT5G42570	Os05g0272900
AT5G35400	Os06g0663100
AT3G47990	Os05g0145000
AT3G19190	Os06g0267600
AT1G65910	Os03g0119966
AT5G57140	Os06g0699200
AT1G49350	Os05g0185700
AT3G54750	Os12g0621700
AT5G16760	Os10g0576100
AT2G40840	Os07g0662900
AT1G80170	Os05g0542800
AT5G53890	Os07g0107800
AT1G02065	Os06g0659100
AT3G09470	Os12g0566900
AT4G20370	Os06g0157700
AT5G14400	Os04g0469800
AT4G04910	Os05g0519400
AT5G64970	Os03g0191100
AT2G46520	Os01g0235400
AT2G18370	Os06g0539500
AT5G53000	Os12g0137500
AT4G15802	Os06g0274000
AT5G53020	Os01g0550600
AT3G62080	Os01g0286000
AT1G78060	Os02g0752200
AT4G13670	Os04g0514400
AT2G24395	Os08g0520850
AT3G19640	Os01g0908500
AT2G04560	Os01g0752600
AT1G33060	Os08g0157900
AT3G21110	Os09g0467100
AT5G53210	Os02g0257500
AT4G35770	Os06g0725000
AT1G02860	Os07g0673200
AT5G41960	Os04g0585600
AT4G01040	Os01g0619800
AT1G70480	Os09g0327550
AT1G55460	Os03g0570300
AT5G09860	Os03g0110400
AT4G17620	Os05g0392100
AT5G07330	Os11g0533400
AT5G06240	Os05g0112750
AT3G54290	Os01g0861700
AT4G02780	Os02g0278700
AT1G13560	Os02g0119800
AT5G04840	Os02g0538900
AT3G28860	Os04g0459000
AT2G30080	Os05g0164800
AT4G29380	Os02g0796700
AT2G04305	Os08g0130000
AT5G17770	Os05g0488900
AT2G17972	Os06g0715200
AT1G52245	Os02g0269200
AT4G04330	Os08g0425200
AT1G70310	Os07g0408700
AT4G26900	Os03g0256400
AT2G31240	Os02g0820300
AT1G75340	Os06g0704300
AT5G46150	Os03g0785500
AT2G15900	Os11g0159000
AT4G39630	Os08g0290400
AT3G19440	Os09g0103500
AT5G57490	Os03g0137500
AT3G27530	Os12g0538900
AT2G43560	Os08g0541400
AT5G51600	Os01g0685900
AT3G51050	Os02g0100700
AT2G39140	Os03g0152700
AT2G34900	Os06g0138000
AT5G13720	Os07g0656700
AT5G56450	Os05g0539600
AT5G35620	Os10g0467600
AT2G41370	Os01g0948900
AT5G40390	Os01g0170000
AT4G08790	Os12g0502500
AT3G48750	Os02g0123100
AT1G34750	Os04g0452000
AT5G07910	Os03g0212200
AT4G08250	Os03g0263300
AT3G48810	Os05g0132000
AT5G18100	Os03g0219200
AT1G73240	Os02g0684300
AT3G09090	Os03g0825700
AT5G24170	Os01g0219100
AT1G31660	Os09g0352400
AT5G16270	Os01g0897800
AT5G67530	Os03g0201100
AT1G78650	Os01g0204000
AT4G31570	Os02g0148300
AT5G21910	Os03g0176900
AT2G19570	Os01g0712700
AT2G22530	Os02g0781600
AT1G10840	Os04g0376500
AT3G15550	Os01g0176500
AT2G39690	Os01g0147800
AT1G26230	Os04g0443900
AT1G27340	Os01g0923900
AT5G14600	Os04g0319600
AT4G33360	Os03g0184550
AT5G17410	Os04g0501700
AT3G54720	Os03g0790600
AT1G55020	Os03g0700700
AT1G62050	Os07g0512100
AT1G11780	Os11g0488500
AT1G54520	Os03g0695500
AT4G26840	Os01g0918200
AT2G01680	Os02g0735700
AT1G50240	Os12g0433500
AT3G24440	Os12g0533500
AT4G13710	Os04g0137201
AT1G69680	Os04g0459600
AT3G08620	Os03g0815700
AT2G47590	Os03g0343400
AT1G12040	Os02g0138000
AT2G25140	Os02g0181900
AT2G46370	Os05g0586200
AT5G53460	Os01g0681900
AT2G37330	Os05g0119000
AT1G32540	Os08g0159500
AT5G41150	Os03g0100400
AT3G53620	Os05g0114000
AT1G06730	Os03g0164700
AT1G78420	Os02g0244100
AT3G57090	Os05g0383000
AT5G19040	Os03g0810100
AT5G54270	Os07g0562700
AT3G06530	Os04g0548300
AT2G25605	Os05g0574700
AT1G69310	Os03g0758000
AT1G33420	Os01g0877500
AT2G45720	Os10g0522601
AT2G30130	Os05g0346800
AT2G46550	Os08g0400300
AT1G22620	Os08g0109100
AT2G27680	Os09g0567366
AT2G16630	Os02g0101900
AT5G42320	Os02g0119300
AT2G38020	Os01g0666800
AT1G79850	Os04g0691600
AT5G58530	Os01g0829400
AT1G08680	Os01g0813900
AT2G45700	Os09g0439000
AT2G38000	Os05g0316200
AT2G24350	Os04g0306800
AT5G57655	Os07g0669100
AT5G22130	Os03g0670200
AT5G64440	Os04g0102700
AT4G30190	Os04g0656100
AT5G24165	Os06g0530200
AT1G54780	Os05g0401100
AT1G33400	Os10g0506800
AT2G25625	Os05g0575000
AT3G55080	Os01g0976450
AT5G63910	Os04g0692800
AT5G53050	Os05g0542200
AT1G55890	Os01g0785700
AT5G03530	Os03g0146000
AT4G17650	Os01g0772400
AT5G11270	Os06g0601000
AT1G07230	Os03g0826600
AT5G43920	Os10g0465000
AT1G54500	Os08g0323400
AT3G56460	Os05g0313500
AT2G37740	Os07g0101800
AT1G55000	Os03g0699600
AT4G17370	Os08g0148267
AT5G42710	Os03g0775700
AT1G07040	Os10g0463800
AT5G53390	Os05g0556300
AT5G42850	Os06g0320000
AT3G48480	Os11g0214001
AT1G54870	Os05g0140800
AT2G01720	Os04g0693000
AT1G32127	Os11g0621000
AT1G58100	Os11g0175700
AT3G08780	Os07g0540200
AT2G24090	Os06g0647100
AT1G63990	Os08g0156900
AT1G08580	Os02g0604100
AT2G19940	Os03g0617900
AT5G02410	Os04g0503700
AT2G26200	Os03g0143000
AT1G03100	Os10g0422566
AT2G36835	Os01g0776700
AT1G32190	Os08g0161500
AT5G57280	Os02g0804300
AT5G50840	Os03g0288600
AT1G27950	Os08g0532800
AT5G55810	Os02g0814900
AT2G32260	Os02g0173500
AT1G53580	Os01g0667200
AT4G00490	Os09g0569200
AT5G54130	Os10g0203000
AT3G29390	Os03g0213900
AT4G13395	Os05g0179100
AT2G45680	Os08g0544800
AT3G58180	Os12g0626100
AT2G30270	Os05g0339200
AT1G62305	Os01g0695200
AT1G49850	Os03g0206900
AT4G34200	Os04g0650800
AT4G36090	Os06g0138200
AT2G20635	Os07g0508500
AT1G17490	Os09g0363700
AT1G08720	Os03g0160100
AT1G72250	Os12g0616000
AT1G11870	Os11g0610900
AT5G08305	Os10g0442700
AT2G40730	Os01g0819900
AT5G55290	Os04g0660600
AT2G43210	Os11g0293900
AT2G35120	Os02g0170100
AT1G57770	Os03g0841900
AT3G11680	Os04g0417000
AT1G48420	Os02g0773300
AT1G62390	Os09g0135400
AT1G58120	Os07g0620600
AT1G12230	Os08g0154300
AT4G15010	Os04g0527500
AT4G37460	Os07g0113700
AT4G10040	Os05g0420600
AT1G50030	Os05g0235300
AT1G53720	Os06g0670500
AT3G52440	Os01g0865800
AT1G59990	Os09g0383400
AT5G56780	Os07g0586700
AT5G62580	Os02g0739900
AT1G32640	Os10g0575000
AT1G11600	Os06g0680700
AT5G38900	Os03g0598900
AT3G53520	Os03g0280800
AT2G24820	Os02g0792800
AT5G42470	Os06g0715600
AT4G12840	Os01g0919600
AT1G27461	Os07g0585700
AT3G09350	Os03g0822700
AT5G14780	Os06g0486800
AT2G24940	Os02g0793700
AT3G18730	Os02g0782800
AT4G22140	Os09g0386500
AT5G36290	Os11g0472500
AT1G54450	Os10g0476600
AT1G67960	Os03g0715400
AT5G25190	Os02g0797100
AT1G71980	Os03g0167500
AT4G08685	Os10g0371000
AT1G06950	Os10g0492000
AT5G60790	Os08g0564100
AT1G09770	Os04g0348300
AT5G13680	Os07g0563700
AT3G02010	Os01g0101150
AT1G49470	Os08g0462900
AT3G02220	Os01g0763000
AT1G44414	Os05g0435400
AT5G67630	Os06g0186900
AT3G42860	Os03g0786500
AT5G20380	Os09g0556400
AT5G50920	Os12g0230100
AT1G67120	Os10g0456900
AT3G16310	Os01g0200500
AT1G30960	Os08g0207600
AT2G03270	Os03g0586900
AT5G26830	Os08g0295300
AT4G39530	Os08g0340900
AT4G33490	Os12g0177500
AT1G57765	Os05g0419600
AT2G06255	Os03g0410300
AT5G09280	Os08g0286100
AT2G38560	Os03g0815900
AT5G63830	Os10g0520700
AT5G14520	Os03g0699200
AT2G44760	Os04g0545200
AT1G16870	Os07g0202900
AT1G19910	Os02g0550100
AT5G38840	Os06g0275900
AT5G35520	Os02g0620100
AT3G55760	Os11g0586300
AT1G71430	Os01g0617800
AT3G20790	Os09g0280300
AT4G31820	Os09g0420900
AT1G26170	Os06g0274100
AT4G20060	Os01g0188200
AT3G52155	Os09g0287300
AT5G20610	Os01g0714100
AT5G25640	Os05g0220600
AT4G10925	Os01g0550200
AT3G51390	Os12g0480000
AT2G46600	Os02g0122600
AT3G29575	Os03g0419100
AT4G33690	Os07g0213400
AT4G02600	Os01g0888600
AT4G37020	Os10g0388900
AT3G22290	Os03g0784400
AT1G01920	Os06g0127200
AT4G37210	Os07g0122400
AT3G57300	Os03g0352500
AT1G11650	Os08g0190200
AT2G04660	Os04g0484800
AT5G57590	Os08g0245400
AT2G41450	Os05g0376600
AT4G33625	Os07g0118300
AT4G35880	Os04g0228000
AT4G14880	Os12g0625000
AT2G44270	Os02g0762300
AT2G25280	Os08g0299000
AT5G13930	Os11g0530600
AT1G27920	Os08g0531100
AT5G62810	Os05g0101200
AT4G16280	Os09g0123200
AT4G28310	Os06g0115700
AT5G56550	Os02g0684400
AT1G75900	Os10g0438600
AT3G01980	Os03g0850000
AT1G19330	Os10g0358600
AT1G27900	Os11g0310800
AT4G17500	Os02g0654700
AT2G34730	Os09g0133800
AT5G40660	Os07g0644000
AT1G54650	Os07g0414200
AT5G62290	Os10g0170000
AT1G03150	Os03g0699400
AT3G53370	Os04g0408700
AT3G08550	Os01g0232800
AT1G06840	Os01g0960400
AT1G08750	Os02g0219400
AT1G55325	Os05g0447500
AT4G33140	Os06g0192900
AT2G27290	Os04g0416000
AT1G49670	Os09g0459800
AT5G54080	Os06g0103300
AT5G42800	Os01g0633500
AT5G55580	Os07g0583200
AT5G24314	Os01g0705300
AT3G12110	Os03g0718100
AT2G33630	Os02g0715200
AT2G41060	Os01g0265800
AT1G53750	Os06g0192600
AT1G79350	Os04g0609700
AT2G23380	Os06g0275500
AT2G26250	Os03g0181500
AT5G42090	Os06g0132100
AT5G12330	Os01g0954500
AT2G37035	Os10g0478400
AT2G46620	Os03g0114400
AT3G49142	Os03g0241800
AT3G22750	Os03g0638800
AT5G13480	Os01g0951000
AT4G37000	Os10g0389200
AT5G05960	Os01g0849000
AT3G20220	Os02g0143300
AT5G17510	Os12g0465700
AT3G10530	Os01g0183100
AT1G36390	Os04g0431100
AT1G28250	Os07g0299600
AT1G76630	Os10g0548200
AT3G52105	Os03g0174800
AT1G17690	Os05g0295100
AT5G16080	Os03g0258200
AT3G09320	Os05g0458000
AT2G47490	Os05g0357200
AT5G51550	Os06g0133600
AT1G64110	Os01g0226400
AT4G11280	Os04g0578000
AT3G25040	Os04g0376700
AT5G08560	Os02g0294600
AT4G32551	Os01g0177100
AT3G20010	Os08g0180300
AT3G06430	Os03g0309800
AT3G52640	Os02g0736500
AT5G65170	Os03g0387300
AT4G04830	Os03g0360700
AT1G32440	Os10g0571200
AT2G21790	Os06g0168600
AT1G11400	Os03g0262100
AT2G41600	Os11g0140100
AT1G70750	Os03g0259900
AT3G15620	Os02g0204400
AT5G03980	Os11g0521000
AT4G19180	Os10g0350500
AT4G02450	Os08g0359500
AT5G10745	Os10g0478900
AT1G16650	Os12g0610500
AT4G37660	Os07g0626100
AT2G46060	Os10g0446200
AT3G03773	Os03g0655300
AT1G09380	Os01g0297700
AT3G11930	Os10g0437500
AT4G02060	Os12g0560700
AT3G13080	Os01g0173900
AT4G36470	Os01g0701700
AT5G14550	Os05g0170000
AT5G58430	Os01g0827500
AT1G48870	Os04g0417800
AT2G33793	Os03g0837800
AT1G06900	Os03g0336300
AT3G54480	Os07g0659700
AT1G33500	Os08g0320300
AT5G35370	Os09g0454900
AT1G44960	Os11g0537300
AT4G20400	Os05g0302300
AT4G10955	Os02g0286200
AT1G73180	Os02g0606100
AT2G45480	Os04g0574500
AT3G06980	Os03g0108600
AT4G31850	Os10g0421800
AT3G62760	Os01g0370200
AT5G48130	Os07g0584200
AT1G78780	Os01g0731100
AT3G52190	Os07g0187700
AT1G33780	Os05g0420200
AT5G40020	Os10g0412700
AT5G03430	Os01g0259600
AT1G09610	Os12g0204500
AT1G09740	Os02g0760500
AT3G24320	Os04g0507000
AT5G47570	Os10g0551600
AT4G21520	Os03g0738000
AT2G14660	Os03g0676100
AT5G46390	Os01g0664000
AT1G30000	Os05g0209100
AT4G38260	Os09g0323500
AT4G39810	Os05g0102400
AT2G19640	Os08g0205300
AT3G04560	Os02g0820600
AT1G10780	Os09g0454300
AT1G30890	Os04g0165400
AT1G63690	Os06g0730900
AT3G46780	Os05g0291700
AT2G29210	Os03g0270200
AT1G80360	Os01g0178000
AT2G42280	Os08g0506700
AT2G18900	Os12g0609800
AT1G18290	Os01g0121000
AT1G10500	Os06g0146400
AT2G45980	Os04g0165300
AT5G64300	Os08g0481950
AT4G29830	Os11g0660300
AT5G02740	Os03g0282900
AT4G04880	Os07g0661000
AT2G24970	Os01g0766400
AT1G44446	Os10g0567400
AT1G64790	Os03g0721200
AT3G10700	Os04g0608100
AT1G33340	Os11g0244600
AT1G34630	Os03g0190900
AT1G10520	Os06g0237200
AT1G18750	Os11g0658700
AT2G47990	Os07g0224900
AT1G20230	Os05g0370000
AT5G39940	Os12g0638800
AT3G18550	Os09g0410500
AT4G37445	Os02g0126600
AT5G43500	Os04g0177600
AT1G54920	Os11g0148400
AT5G58480	Os03g0296500
AT2G29890	Os05g0153000
AT1G52510	Os04g0644600
AT1G09330	Os01g0331900
AT3G11980	Os03g0167600
AT3G19184	Os06g0194400
AT3G18370	Os01g0128800
AT5G25800	Os12g0188900
AT3G33530	Os02g0137000
AT1G24610	Os02g0733800
AT5G15100	Os01g0715600
AT5G63135	Os02g0593400
AT1G11900	Os05g0481800
AT5G12260	Os01g0283000
AT2G32910	Os06g0227200
AT5G65490	Os08g0447200
AT5G18560	Os07g0669500
AT2G35020	Os08g0206900
AT5G50870	Os01g0925800
AT2G29660	Os03g0264600
AT2G36130	Os08g0559400
AT2G40550	Os01g0166800
AT4G38380	Os09g0548300
AT2G28605	Os04g0434900
AT1G48950	Os01g0605650
AT3G01480	Os08g0382400
AT5G57345	Os06g0694800
AT2G43120	Os03g0845000
AT2G14095	Os10g0377000
AT3G62240	Os05g0279400
AT1G67660	Os08g0236700
AT2G26110	Os06g0566500
AT5G11030	Os08g0290100
AT5G13980	Os11g0525600
AT3G05620	Os01g0254300
AT1G21690	Os12g0176500
AT4G24130	Os01g0652700
AT1G58210	Os04g0347900
AT4G16230	Os03g0310000
AT5G45760	Os01g0205100
AT2G18840	Os01g0867700
AT2G23740	Os02g0708600
AT5G38060	Os08g0364500
AT4G10140	Os05g0105500
AT1G24260	Os09g0507200
AT1G05310	Os08g0206950
AT2G41950	Os03g0226700
AT2G14825	Os12g0508266
AT1G16900	Os01g0209000
AT4G26500	Os09g0270900
AT4G25290	Os09g0532700
AT4G12060	Os03g0247000
AT2G28070	Os03g0859500
AT2G34780	Os01g0768700
AT1G11840	Os08g0191700
AT2G15780	Os06g0216700
AT2G17250	Os04g0585300
AT5G12380	Os01g0497400
AT3G05870	Os03g0302700
AT1G32090	Os10g0579100
AT1G03000	Os04g0617600
AT1G61850	Os07g0520900
AT2G17705	Os03g0136500
AT2G28690	Os05g0115100
AT4G26780	Os09g0284400
AT5G25940	Os02g0227200
AT5G55530	Os03g0194100
AT5G19590	Os01g0595400
AT5G20910	Os09g0434200
AT3G27930	Os05g0577800
AT2G33680	Os01g0374200
AT5G41560	Os03g0125700
AT5G12410	Os11g0568600
AT4G02900	Os05g0393800
AT1G18580	Os03g0413400
AT4G33990	Os03g0396200
AT3G19508	Os01g0342800
AT4G28980	Os06g0334400
AT1G66670	Os01g0507900
AT2G46900	Os09g0514900
AT1G06060	Os01g0775600
AT4G00170	Os08g0155100
AT5G65140	Os08g0409100
AT3G50660	Os03g0227700
AT5G51340	Os04g0347600
AT1G30460	Os06g0677700
AT3G24350	Os01g0179200
AT4G33925	Os07g0593200
AT1G44000	Os04g0692600
AT3G13180	Os09g0477900
AT5G18390	Os08g0525500
AT5G48030	Os06g0116800
AT3G18500	Os06g0264900
AT5G35730	Os12g0595000
AT2G28490	Os03g0336100
AT1G23800	Os06g0270900
AT1G18700	Os07g0632600
AT3G52090	Os07g0172500
AT1G27620	Os01g0104900
AT3G24570	Os01g0228300
AT5G13630	Os07g0656500
AT1G23090	Os04g0652400
AT5G16180	Os08g0360100
AT3G60740	Os10g0508500
AT1G27600	Os10g0205300
AT2G18950	Os06g0658900
AT5G09230	Os12g0179800
AT1G73885	Os03g0710600
AT3G25140	Os02g0498700
AT1G13120	Os02g0596100
AT5G40960	Os01g0849500
AT3G18520	Os07g0164100
AT5G42970	Os03g0197400
AT5G26880	Os08g0506500
AT3G27310	Os04g0485200
AT3G15840	Os03g0586500
AT5G64350	Os02g0760300
AT3G10810	Os05g0373500
AT1G48175	Os03g0321900
AT4G36440	Os01g0262700
AT3G46550	Os05g0459700
AT1G49970	Os05g0592100
AT3G16630	Os05g0154700
AT1G03475	Os04g0610800
AT2G46920	Os03g0372500
AT4G12650	Os08g0496900
AT1G71480	Os09g0266000
AT5G05660	Os01g0158900
AT4G39700	Os03g0383900
AT1G08530	Os12g0430900
AT1G75450	Os01g0775400
AT5G65860	Os03g0761200
AT1G27060	Os01g0777800
AT2G01918	Os04g0523000
AT1G61215	Os07g0565300
AT4G26370	Os03g0656900
AT5G04780	Os12g0156900
AT4G27590	Os04g0581800
AT1G34430	Os12g0182200
AT3G48430	Os01g0907400
AT3G54630	Os08g0468400
AT3G52940	Os09g0565600
AT2G45630	Os04g0107200
AT5G46560	Os03g0100050
AT1G61670	Os03g0334800
AT1G22730	Os03g0222100
AT4G06634	Os02g0551900
AT2G41900	Os03g0698800
AT3G12010	Os10g0400900
AT4G01590	Os07g0611600
AT5G39710	Os06g0152500
AT1G53530	Os11g0620000
AT5G05000	Os03g0240500
AT2G36885	Os03g0137600
AT4G25720	Os06g0103700
AT3G25860	Os08g0431300
AT2G25735	Os01g0182300
AT2G36080	Os11g0156000
AT3G15900	Os02g0804400
AT5G06130	Os02g0535000
AT5G04520	Os03g0363200
AT1G63490	Os06g0731600
AT2G40780	Os03g0114200
AT5G19280	Os03g0809700
AT4G30320	Os02g0786500
AT2G16700	Os03g0243100
AT5G05210	Os05g0372200
AT3G26935	Os09g0508300
AT3G15160	Os04g0626900
AT5G24360	Os07g0471000
AT2G37510	Os03g0278800
AT1G15980	Os08g0276100
AT5G56730	Os01g0558850
AT5G62530	Os05g0536400
AT2G25737	Os09g0344800
AT1G48160	Os06g0342100
AT1G79540	Os09g0110200
AT1G48900	Os01g0772800
AT2G17220	Os02g0118200
AT1G78900	Os06g0662000
AT5G64940	Os02g0575500
AT5G47470	Os06g0105700
AT5G18475	Os02g0468500
AT2G01630	Os03g0221500
AT5G41890	Os04g0577300
AT1G06500	Os01g0246500
AT5G04620	Os10g0560900
AT1G49540	Os08g0493900
AT3G04460	Os10g0467200
AT5G14950	Os06g0245700
AT4G14330	Os02g0810200
AT5G53120	Os06g0528600
AT1G56180	Os02g0169000
AT3G11530	Os01g0966500
AT3G03270	Os02g0773200
AT3G19820	Os10g0397400
AT4G23890	Os07g0196200
AT2G20725	Os07g0457550
AT5G08120	Os06g0284800
AT1G46480	Os04g0649400
AT5G03795	Os07g0188700
AT5G03720	Os02g0527300
AT3G07220	Os08g0528900
AT3G06580	Os03g0832600
AT1G71810	Os04g0640500
AT1G79640	Os02g0791700
AT2G20790	Os12g0528300
AT1G32320	Os02g0694900
AT2G40600	Os03g0336500
AT5G57170	Os06g0699500
AT3G18060	Os01g0125800
AT1G71750	Os05g0182201
AT1G65260	Os01g0895100
AT2G34650	Os12g0614600
AT1G55150	Os01g0197200
AT5G57040	Os07g0160400
AT3G19090	Os03g0566500
AT5G03700	Os02g0527900
AT3G47860	Os04g0626400
AT4G27690	Os11g0629200
AT2G40620	Os03g0336200
AT5G49110	Os03g0341200
AT5G08100	Os03g0597600
AT3G19800	Os04g0525000
AT5G17910	Os01g0812050
AT1G61350	Os07g0560300
AT1G08630	Os04g0516600
AT2G02220	Os02g0629400
AT1G05750	Os02g0769900
AT5G04600	Os08g0412200
AT1G06520	Os01g0631400
AT4G01690	Os01g0286600
AT1G04130	Os03g0750100
AT1G78995	Os06g0704200
AT3G05550	Os07g0673900
AT5G41020	Os06g0303700
AT5G59410	Os05g0110600
AT1G79190	Os10g0575800
AT1G80070	Os05g0163250
AT2G45530	Os10g0481450
AT5G41210	Os11g0588300
AT1G61570	Os02g0682600
AT1G78920	Os02g0537900
AT4G35740	Os02g0780800
AT1G19880	Os04g0662800
AT2G05920	Os09g0441000
AT5G24490	Os03g0856500
AT3G61770	Os05g0534100
AT2G20585	Os01g0238800
AT2G33205	Os04g0506300
AT1G80860	Os02g0612100
AT5G47710	Os09g0251800
AT1G02040	Os02g0659100
AT3G51960	Os01g0801901
AT3G18620	Os04g0674450
AT5G64090	Os11g0169600
AT5G47850	Os04g0439600
AT1G44575	Os01g0869800
AT5G18460	Os08g0566100
AT4G39680	Os03g0383800
AT1G60640	Os01g0505700
AT1G65610	Os04g0497200
AT4G32050	Os02g0798700
AT1G01780	Os10g0503100
AT3G27700	Os04g0394300
AT1G76750	Os03g0296600
AT3G51100	Os06g0713900
AT5G23200	Os02g0634600
AT4G29330	Os05g0187800
AT4G10360	Os01g0817100
AT1G79970	Os01g0180400
AT5G05560	Os05g0354300
AT3G28040	Os01g0957100
AT3G06778	Os03g0831000
AT1G68830	Os05g0549100
AT3G63220	Os10g0388200
AT5G64670	Os08g0310100
AT1G65380	Os02g0603100
AT3G24820	Os04g0662000
AT1G70630	Os05g0513700
AT5G10080	Os02g0751100
AT2G22720	Os11g0296800
AT4G01860	Os03g0111800
AT3G14120	Os11g0643700
AT4G13970	Os07g0227700
AT5G44750	Os06g0691000
AT2G42690	Os01g0710700
AT1G67325	Os08g0521400
AT5G46020	Os05g0515900
AT3G01720	Os01g0904500
AT5G02830	Os03g0284900
AT5G57990	Os06g0184300
AT1G77250	Os08g0105000
AT3G50560	Os08g0476300
AT5G27270	Os06g0111300
AT3G24090	Os12g0131100
AT5G45130	Os03g0666500
AT3G52570	Os01g0862000
AT5G48240	Os11g0266000
AT1G18680	Os10g0335200
ATCG00570	Os03g0659266
AT3G24800	Os02g0621500
AT5G43650	Os03g0741100
AT1G17230	Os07g0152200
AT2G42070	Os09g0553300
AT5G59770	Os05g0460800
AT5G01270	Os01g0857000
AT1G27520	Os02g0741300
AT5G13530	Os05g0392000
AT1G09830	Os08g0191200
AT4G23660	Os08g0322600
AT1G02170	Os10g0565100
AT2G34400	Os05g0307200
AT3G18600	Os03g0802700
AT3G06290	Os07g0646000
AT3G05500	Os07g0671800
AT5G05390	Os01g0827300
AT3G21250	Os05g0196100
AT2G36270	Os01g0859300
AT1G18480	Os11g0261900
AT2G42490	Os04g0136200
AT5G56840	Os05g0195700
AT2G33255	Os02g0816100
AT4G21450	Os08g0141300
AT5G22030	Os07g0160000
AT1G71720	Os01g0589000
AT1G04080	Os03g0210400
AT5G19690	Os05g0519900
AT5G55630	Os03g0752300
AT2G33580	Os06g0625200
AT4G24270	Os08g0113200
AT3G18400	Os03g0624600
AT4G02340	Os05g0273800
AT4G32660	Os01g0590900
AT1G20990	Os09g0492800
AT4G29910	Os03g0759500
AT3G47490	Os03g0169800
AT5G50780	Os02g0469300
AT4G28530	Os04g0515900
AT1G65410	Os03g0670100
AT2G24540	Os06g0655500
AT5G35160	Os02g0797700
AT2G40650	Os09g0103600
AT3G56150	Os07g0124500
AT5G51920	Os08g0545000
AT5G11240	Os03g0300300
AT3G07790	Os06g0502900
AT5G18660	Os03g0351200
AT3G62030	Os01g0284700
AT2G34620	Os03g0785200
AT3G12685	Os06g0530300
AT2G29560	Os03g0266200
AT2G15620	Os01g0357100
AT4G30820	Os06g0171700
AT4G21060	Os08g0130900
AT5G06839	Os09g0489500
AT5G58290	Os02g0325100
AT3G46450	Os03g0820900
AT4G02730	Os07g0572000
AT4G38510	Os01g0711000
AT3G05520	Os07g0414800
AT2G39990	Os05g0104800
AT5G07380	Os01g0103900
AT3G04020	Os03g0276600
AT4G26620	Os02g0725100
AT1G05720	Os01g0894500
AT1G06550	Os01g0752200
AT3G45930	Os05g0462700
AT3G06810	Os07g0675000
AT5G47940	Os07g0569000
AT2G15695	Os06g0213400
AT5G19140	Os11g0147800
AT5G64470	Os02g0117900
AT3G57190	Os05g0375600
AT3G08840	Os07g0691200
AT2G39170	Os08g0152500
AT1G43130	Os01g0867900
AT5G43600	Os12g0597500
AT5G56900	Os09g0364000
AT4G35910	Os12g0588900
AT5G25570	Os05g0180700
AT3G08920	Os03g0289400
AT1G69980	Os09g0560400
AT3G52300	Os08g0478200
AT2G34450	Os01g0666200
AT5G47820	Os09g0114500
AT2G01980	Os12g0641100
AT4G21870	Os07g0517100
AT1G68185	Os01g0607300
ATCG00300	Os12g0504050
AT3G48530	Os04g0382300
AT3G23610	Os01g0390900
AT3G53920	Os05g0589200
AT1G14030	Os09g0411650
AT2G31270	Os04g0185100
AT5G24690	Os12g0283800
AT3G22430	Os03g0159200
AT3G60830	Os03g0783000
AT1G24510	Os06g0562600
AT5G51840	Os10g0188400
AT3G63250	Os10g0422200
AT5G59610	Os03g0822800
AT2G19540	Os11g0134500
AT5G26610	Os04g0115400
AT4G31540	Os06g0698600
AT5G04420	Os02g0822800
AT5G28640	Os03g0733600
AT1G77010	Os03g0849700
AT5G67290	Os07g0155100
AT3G01810	Os12g0236100
AT5G47670	Os02g0725700
AT4G21620	Os03g0676300
AT1G77220	Os05g0516900
AT2G37410	Os07g0604500
AT5G38520	Os05g0419000
AT3G53900	Os05g0455700
AT3G01750	Os02g0601700
AT5G63610	Os10g0580300
AT5G35840	Os03g0752100
AT2G01430	Os01g0643600
AT5G44720	Os09g0560700
AT3G22980	Os03g0650700
AT5G63380	Os01g0901600
AT3G17611	Os01g0283500
AT5G47800	Os09g0266600
AT1G79440	Os02g0173900
AT3G46870	Os07g0549200
AT1G03560	Os07g0491500
AT1G10600	Os01g0661500
AT5G47090	Os06g0139700
AT3G10310	Os01g0243100
AT4G04770	Os01g0830000
AT2G39040	Os12g0530100
AT2G27430	Os05g0573800
AT4G03090	Os05g0188600
AT3G27750	Os01g0158100
AT2G31200	Os03g0780400
AT4G21670	Os02g0639000
AT3G18850	Os01g0782500
AT1G16540	Os06g0670000
AT4G28910	Os05g0558800
AT5G13330	Os04g0398000
AT1G65720	Os03g0110300
AT3G28150	Os06g0234600
AT3G26782	Os07g0299800
AT4G32605	Os01g0771100
AT2G29590	Os02g0521700
AT5G03260	Os01g0634500
AT3G07760	Os12g0514600
AT3G24650	Os01g0911700
AT2G38905	Os05g0122700
AT4G32140	Os04g0645600
AT5G59750	Os05g0460600
AT5G25500	Os11g0207300
AT5G43670	Os03g0742800
AT1G05410	Os03g0747200
AT5G58260	Os01g0882500
AT5G63290	Os12g0270100
AT2G22610	Os03g0114000
AT2G39960	Os04g0446300
AT1G02150	Os04g0544400
AT5G18070	Os07g0195400
AT5G05360	Os03g0298600
AT3G08970	Os03g0293000
AT5G14105	Os05g0517800
AT3G06260	Os03g0359600
AT5G47870	Os03g0851500
AT3G01610	Os06g0109400
AT4G21820	Os07g0517400
AT5G12930	Os09g0488600
AT1G64080	Os01g0226200
AT5G63810	Os01g0875500
AT2G39120	Os03g0786600
AT5G28840	Os10g0417600
AT3G44200	Os05g0440800
AT5G24020	Os06g0106000
AT1G01300	Os01g0598600
AT5G19660	Os06g0163500
AT4G12570	Os09g0484300
AT3G19420	Os12g0407500
AT2G28560	Os05g0121700
AT1G65700	Os05g0594900
AT5G43820	Os02g0304800
AT4G19010	Os10g0578950
AT3G53970	Os07g0548900
AT3G23290	Os10g0478000
AT1G27300	Os02g0509600
AT1G67785	Os01g0908400
AT3G01380	Os02g0581000
AT4G32690	Os06g0591600
AT4G30600	Os08g0480100
AT1G32780	Os10g0159800
AT4G01050	Os02g0257300
AT5G43940	Os02g0815500
AT1G06320	Os03g0308600
AT5G51970	Os08g0545200
AT3G05350	Os07g0205700
AT1G55170	Os12g0193100
AT4G18372	Os06g0677600
AT4G24200	Os06g0631300
AT2G34670	Os01g0585600
AT3G26760	Os11g0523110
AT1G31040	Os06g0666100
AT2G25100	Os11g0153900
AT1G12000	Os06g0247500
AT1G50200	Os10g0182000
AT1G26560	Os03g0212800
AT1G72180	Os01g0878300
AT2G22260	Os06g0286310
AT3G03790	Os07g0165200
AT2G36200	Os08g0558400
AT3G09920	Os02g0822500
AT5G64420	Os02g0135700
AT2G34090	Os01g0613900
AT1G32500	Os01g0127300
AT3G19650	Os03g0203000
AT2G33770	Os05g0557700
AT5G55830	Os06g0285400
AT5G19890	Os10g0109600
AT3G61750	Os01g0680900
AT1G09430	Os11g0696200
AT3G12080	Os11g0638000
AT4G30870	Os01g0948100
AT1G24480	Os08g0119500
AT1G80050	Os02g0613900
AT1G80460	Os04g0647800
AT5G42340	Os08g0481200
AT2G36010	Os02g0537500
AT4G06744	Os02g0616100
AT4G35530	Os05g0165400
AT5G23760	Os10g0506100
AT5G19210	Os01g0970600
AT5G18860	Os05g0406100
AT1G33440	Os11g0235200
AT5G19020	Os01g0390600
AT5G52560	Os06g0701200
AT5G66760	Os07g0134800
AT1G32520	Os11g0220300
AT5G07810	Os07g0598300
AT3G46940	Os03g0669100
AT5G35970	Os09g0130800
AT5G50350	Os06g0609800
AT3G24420	Os01g0595600
AT1G31170	Os06g0174300
AT3G06610	Os03g0832300
AT4G15030	Os11g0639000
AT5G57150	Os04g0301500
AT1G55040	Os07g0404300
AT1G49340	Os03g0711200
AT3G24495	Os01g0180600
AT2G15820	Os02g0702000
AT1G03360	Os04g0520000
AT1G67280	Os05g0230900
AT2G21180	Os03g0249700
AT1G71260	Os02g0158400
AT2G35360	Os09g0573100
AT3G53440	Os01g0581900
AT5G64600	Os12g0190100
AT1G66520	Os01g0687500
AT5G17530	Os07g0447800
AT5G46070	Os02g0307000
AT1G10710	Os06g0473000
AT4G39880	Os07g0415200
AT1G15740	Os02g0613200
AT3G18820	Os05g0516600
AT5G01010	Os05g0306000
AT4G30420	Os09g0426500
AT1G02120	Os07g0491600
AT2G07180	Os06g0663200
AT4G01660	Os01g0318700
AT4G08240	Os02g0567000
AT5G63700	Os01g0884500
AT2G42210	Os02g0717300
AT2G45910	Os10g0548700
AT5G24460	Os06g0712200
AT1G79900	Os01g0225000
AT1G74070	Os01g0111100
AT1G15330	Os02g0158900
AT3G51040	Os03g0799500
AT2G33260	Os07g0225100
AT3G04490	Os10g0477000
AT1G24310	Os07g0295400
AT5G58410	Os01g0977600
AT2G34470	Os05g0565200
AT3G52780	Os12g0151000
AT1G02100	Os06g0140100
AT1G62990	Os03g0123500
AT4G23860	Os06g0529800
AT2G35736	Os07g0239500
AT3G56990	Os06g0128400
AT1G75350	Os01g0633000
AT3G18800	Os04g0687200
AT3G23700	Os03g0844900
AT3G28960	Os04g0460300
AT3G14170	Os03g0181800
AT3G52500	Os04g0685200
AT3G45880	Os09g0483600
AT3G23255	Os10g0466100
AT3G63270	Os07g0175100
AT5G64620	Os08g0108100
AT4G26470	Os06g0609600
AT5G43710	Os01g0773600
AT2G32980	Os08g0204800
AT5G04820	Os01g0863800
AT3G25560	Os06g0274500
AT5G08040	Os12g0575200
AT3G50590	Os09g0407950
AT5G50300	Os11g0427700
AT1G60160	Os09g0376900
AT5G57960	Os11g0592700
AT4G24790	Os08g0120200
AT3G05320	Os02g0168500
AT5G04895	Os03g0748800
AT2G01830	Os03g0717700
AT1G79840	Os01g0760800
AT5G47400	Os10g0560500
AT1G61520	Os02g0197600
AT2G28305	Os04g0518800
AT5G13910	Os04g0399800
AT4G25880	Os08g0519800
AT1G33970	Os02g0557100
AT5G19855	Os03g0807900
AT2G16880	Os03g0201400
AT1G06570	Os02g0168100
AT3G43860	Os02g0778600
AT2G27830	Os02g0527200
AT4G15180	Os08g0180100
AT2G40090	Os03g0698350
AT2G28390	Os01g0976000
AT5G04670	Os02g0100200
AT3G51990	Os05g0387700
AT2G39445	Os10g0569100
AT5G53170	Os01g0618800
AT1G32550	Os03g0685000
AT2G33380	Os04g0511200
AT5G65560	Os02g0582300
AT1G08830	Os07g0665200
AT5G19050	Os07g0211800
AT3G03220	Os04g0583500
AT1G72030	Os07g0264800
AT2G46540	Os05g0542100
AT4G21470	Os10g0464400
AT1G19310	Os01g0766200
AT4G40030	Os06g0130900
AT4G03420	Os10g0494000
AT3G56040	Os05g0468600
AT5G03770	Os01g0857300
AT3G29170	Os12g0129000
AT2G22410	Os10g0400250
AT1G32370	Os02g0279600
AT5G57120	Os12g0613500
AT3G18940	Os03g0766900
AT1G60995	Os03g0659900
AT3G19870	Os02g0829400
AT1G30360	Os07g0150100
AT3G24450	Os05g0534500
AT3G16910	Os03g0305000
AT5G08170	Os04g0466600
AT5G50320	Os04g0484900
AT2G33610	Os02g0194000
AT1G61780	Os08g0190800
AT1G12050	Os02g0196800
AT4G28740	Os06g0235500
AT4G32360	Os02g0277600
AT4G10050	Os04g0443500
AT2G41970	Os02g0565500
AT4G37170	Os03g0235200
AT1G65930	Os01g0654500
AT5G49030	Os02g0778200
AT3G57340	Os01g0556400
AT2G30933	Os05g0581900
AT5G03880	Os08g0558200
AT1G04010	Os02g0814100
AT2G17270	Os09g0554000
AT1G06820	Os11g0572700
AT3G61680	Os01g0618700
AT3G19780	Os10g0485100
AT4G04930	Os02g0639600
AT1G19580	Os01g0283100
AT1G21460	Os05g0426000
AT4G30993	Os06g0183700
AT4G38700	Os03g0809000
AT2G40570	Os06g0555500
AT1G04200	Os01g0773100
AT5G50850	Os08g0536000
AT2G20080	Os01g0676900
AT4G17540	Os10g0563400
AT3G11830	Os06g0687700
AT3G25660	Os04g0643200
AT3G50690	Os03g0668900
AT4G33100	Os09g0361700
AT4G39410	Os01g0182700
AT1G19720	Os03g0807400
AT3G07130	Os03g0848200
AT3G10260	Os03g0781700
AT4G38580	Os04g0244800
AT1G01940	Os06g0130500
AT4G25770	Os08g0447300
AT1G13990	Os03g0168200
AT4G37040	Os02g0761700
AT3G12270	Os07g0640000
AT3G06880	Os05g0363500
AT1G61620	Os03g0279900
AT2G19950	Os01g0744400
AT1G01820	Os03g0117100
AT5G42920	Os02g0767100
AT3G50860	Os03g0228400
AT1G63855	Os02g0120300
AT4G35980	Os05g0352800
AT3G15190	Os01g0678600
AT3G24500	Os06g0592500
AT1G26460	Os07g0599000
AT1G64385	Os05g0573000
AT3G52870	Os12g0149900
AT1G13170	Os12g0285600
AT4G21300	Os03g0781100
AT1G75670	Os12g0533600
AT2G17265	Os02g0831800
AT1G11440	Os06g0232000
AT1G10320	Os02g0557500
AT5G13830	Os03g0822300
AT1G32400	Os08g0282000
AT2G35490	Os10g0575700
AT2G04845	Os03g0194400
AT5G66130	Os03g0242100
AT5G66631	Os01g0167750
AT3G05470	Os04g0461800
AT3G43590	Os11g0575200
AT1G17120	Os06g0539400
AT3G51230	Os10g0577400
AT1G52310	Os01g0104000
AT3G45770	Os12g0102100
AT1G09530	Os01g0286100
AT5G26680	Os05g0540100
AT1G27090	Os03g0688200
AT5G65890	Os03g0729800
AT5G47550	Os03g0429000
AT3G32930	Os07g0608100
AT4G03550	Os01g0754200
AT5G65000	Os02g0573300
AT5G64500	Os04g0525900
AT5G10790	Os04g0647300
AT4G37925	Os04g0539000
AT1G45231	Os03g0396900
AT5G63310	Os12g0548300
AT3G22910	Os10g0418100
AT3G17180	Os05g0158500
AT3G24520	Os02g0232000
AT1G01090	Os04g0119400
AT1G13040	Os07g0688100
AT4G21320	Os06g0682900
AT3G25805	Os04g0462300
AT3G10380	Os08g0318500
AT4G01560	Os06g0137500
AT5G42900	Os03g0184100
AT2G41190	Os02g0788800
AT3G25210	Os06g0184866
AT3G53540	Os03g0280700
AT2G47960	Os10g0498800
AT4G31160	Os04g0691200
AT1G19290	Os05g0275100
AT4G15240	Os08g0137300
AT5G63480	Os04g0388601
AT4G28830	Os06g0162600
AT5G52660	Os02g0680700
AT4G13730	Os01g0908100
AT3G62110	Os03g0833800
AT1G22540	Os01g0871500
AT4G10020	Os03g0842900
AT1G07890	Os07g0694700
AT3G10410	Os02g0114200
AT5G17430	Os04g0504500
AT1G74360	Os07g0597200
AT4G38810	Os10g0177200
AT3G07080	Os06g0681700
AT1G11190	Os04g0636400
AT1G03140	Os07g0571900
AT2G43040	Os12g0565300
AT5G25060	Os02g0179900
AT3G06510	Os11g0683500
AT2G37310	Os03g0283500
AT5G12290	Os03g0377500
AT4G25610	Os09g0570200
AT1G06710	Os04g0488500
AT4G33150	Os02g0783700
AT5G39600	Os02g0282100
AT4G38225	Os03g0128800
AT1G26660	Os07g0595800
AT1G79730	Os08g0157100
AT5G17980	Os07g0165100
AT5G22110	Os05g0160800
AT1G03070	Os03g0745600
AT1G53330	Os05g0207200
AT1G04790	Os04g0511600
AT2G34570	Os02g0468200
AT3G05090	Os12g0165000
AT1G63660	Os08g0326600
AT5G58510	Os03g0295700
AT1G71692	Os08g0112700
AT1G07210	Os10g0500500
AT1G26945	Os03g0171300
AT1G69740	Os06g0704600
AT2G15570	Os04g0430800
AT1G23400	Os01g0323300
AT4G10890	Os09g0363400
AT4G27390	Os05g0502500
AT1G16970	Os07g0184900
AT3G19550	Os12g0507700
AT3G05670	Os03g0302200
AT2G20515	Os04g0517000
AT2G28000	Os12g0277500
AT5G47780	Os08g0327100
AT3G12760	Os06g0233400
AT5G25620	Os01g0732700
AT3G25855	Os09g0408550
AT1G30690	Os06g0671800
AT4G12800	Os12g0420400
AT5G64370	Os07g0485100
AT1G70330	Os08g0205200
AT5G30510	Os03g0315800
AT1G01710	Os04g0558400
AT5G07480	Os04g0667200
AT1G63000	Os02g0678400
AT1G76880	Os04g0541100
AT3G01510	Os08g0379300
AT5G42950	Os07g0137900
AT5G52210	Os03g0392300
AT4G32590	Os05g0555300
AT1G49950	Os01g0589300
AT3G46570	Os07g0240200
AT1G30070	Os01g0757500
AT3G47390	Os02g0473000
AT5G10010	Os04g0661300
AT3G17030	Os03g0832500
AT4G36160	Os10g0532000
AT5G47500	Os04g0553500
AT1G51110	Os07g0470700
AT1G32060	Os02g0698000
AT2G43990	Os11g0247500
AT1G06470	Os01g0749900
AT1G67140	Os06g0505302
AT5G52020	Os02g0676800
AT5G10200	Os05g0421300
AT1G75850	Os03g0801600
AT5G18590	Os12g0538800
ATCG00650	Os01g0523401
AT1G75710	Os04g0115500
AT5G15170	Os07g0530100
AT5G47520	Os07g0634200
AT5G18525	Os01g0327600
AT4G02440	Os05g0365000
AT4G21570	Os07g0506000
AT5G46280	Os05g0476200
AT1G67690	Os01g0902200
AT1G28240	Os01g0304300
AT5G05490	Os05g0580500
AT5G45790	Os02g0464400
AT5G21930	Os03g0178100
AT5G51540	Os06g0686500
AT3G24550	Os05g0218400
AT5G23080	Os06g0489200
AT4G29310	Os01g0740400
AT2G32720	Os01g0971500
AT5G35320	Os02g0141500
AT2G41670	Os11g0447300
AT1G61900	Os07g0102300
AT1G09290	Os02g0672400
AT5G65960	Os04g0584800
AT3G43230	Os07g0272400
AT3G45740	Os03g0284500
AT5G51300	Os04g0385700
AT5G21430	Os12g0498500
AT1G70610	Os01g0911300
AT1G68750	Os01g0110700
AT3G25120	Os04g0376100
AT5G14320	Os03g0704000
AT1G68810	Os03g0260600
AT3G60720	Os04g0537800
AT3G22104	Os07g0546400
AT1G60500	Os03g0260000
AT1G68290	Os01g0128100
AT5G46230	Os01g0210600
AT3G59030	Os12g0615700
AT3G15090	Os01g0753100
AT2G41820	Os07g0207100
AT3G22260	Os02g0168600
AT1G14790	Os02g0736200
AT5G42450	Os01g0839400
AT3G48880	Os10g0502900
AT2G04690	Os06g0238300
AT5G02750	Os05g0408800
AT5G02810	Os07g0695100
AT4G15760	Os02g0471300
AT4G33945	Os02g0761200
AT1G13690	Os03g0600400
AT1G60780	Os01g0703600
AT4G36400	Os07g0187200
AT1G44170	Os11g0186200
AT4G39740	Os09g0370200
AT1G15880	Os08g0440000
AT1G75125	Os01g0612800
AT5G13510	Os03g0284400
AT4G15417	Os06g0358800
AT1G48090	Os02g0470600
AT5G66030	Os07g0472500
AT5G20720	Os06g0196900
AT1G78570	Os03g0278200
AT1G17210	Os03g0785300
AT4G02090	Os03g0305200
AT4G33000	Os01g0711500
AT4G18180	Os08g0327200
AT2G44200	Os08g0500200
AT4G19985	Os05g0516300
AT2G46090	Os03g0125400
AT5G42620	Os03g0731500
AT1G52980	Os03g0352400
AT4G14310	Os02g0809900
AT4G02800	Os04g0228100
AT1G55280	Os11g0491400
AT1G02560	Os03g0308100
AT1G21651	Os05g0422300
AT2G46800	Os05g0128400
AT1G21150	Os07g0423000
AT4G13780	Os10g0400100
AT3G02760	Os05g0150900
AT1G06190	Os03g0183100
AT2G37630	Os12g0572000
AT3G23980	Os01g0911800
AT3G53320	Os05g0121800
AT4G25330	Os05g0386400
ATCG00900	Os09g0110750
AT2G38280	Os07g0693500
AT1G69380	Os01g0764300
AT1G49620	Os11g0614800
AT2G27610	Os05g0455900
AT2G01275	Os01g0121200
AT3G56590	Os01g0938600
AT4G13500	Os03g0595300
AT1G28760	Os03g0654500
AT5G59980	Os12g0175900
AT1G23900	Os06g0167100
AT5G42870	Os11g0615000
AT2G28150	Os03g0692400
AT1G01970	Os07g0661900
AT4G25740	Os01g0962600
AT1G29790	Os10g0578600
AT4G31400	Os04g0498900
AT4G20850	Os02g0664300
AT1G79780	Os01g0725400
AT5G05170	Os07g0208500
AT5G49130	Os12g0552600
AT5G17930	Os05g0147200
AT3G10910	Os01g0822800
AT3G23430	Os02g0809800
AT4G36650	Os03g0196900
AT2G18465	Os05g0106500
AT2G18850	Os08g0244400
AT3G55010	Os03g0831500
AT3G54510	Os01g0950900
AT2G18710	Os08g0254500
AT5G63980	Os12g0183200
AT3G22380	Os07g0571100
AT3G49680	Os05g0558400
AT4G02820	Os12g0527900
AT4G16390	Os03g0215900
AT2G40540	Os07g0679000
AT4G33210	Os10g0396400
AT1G04110	Os03g0143100
AT5G22790	Os04g0524400
AT1G49870	Os03g0604600
AT1G08380	Os04g0414700
AT3G42050	Os07g0549700
AT5G09390	Os09g0372400
AT1G48850	Os03g0254800
AT3G46540	Os01g0841000
AT1G51200	Os06g0612800
AT5G52960	Os05g0569200
AT2G21385	Os09g0531100
AT4G31600	Os06g0188100
AT4G12640	Os09g0298700
AT2G19600	Os06g0561200
AT5G02580	Os05g0462000
AT5G55260	Os09g0284200
AT2G32810	Os12g0429200
AT4G35930	Os10g0438500
AT4G00050	Os10g0556200
AT1G52630	Os08g0537900
AT5G50970	Os08g0511500
AT1G67170	Os02g0192100
AT1G06440	Os10g0510300
AT5G52100	Os03g0118600
AT2G03220	Os02g0764400
AT1G35220	Os01g0303200
AT2G16910	Os02g0120500
AT2G19870	Os01g0742000
AT2G18940	Os05g0275000
AT3G24730	Os11g0297900
AT5G42400	Os12g0613200
AT3G60810	Os03g0858700
AT4G14930	Os07g0204500
AT1G20575	Os03g0824400
AT1G60550	Os01g0662700
AT3G51280	Os09g0538500
AT1G68720	Os06g0489500
AT1G24530	Os04g0481600
AT5G66180	Os02g0320100
AT4G20940	Os07g0145400
AT4G25910	Os06g0694500
AT5G35570	Os09g0442900
AT1G15510	Os05g0574800
AT1G69410	Os03g0758800
AT2G05320	Os02g0798100
AT2G01410	Os01g0606133
AT5G39900	Os06g0144800
AT1G63100	Os06g0127800
AT4G22000	Os05g0114600
AT1G47240	Os12g0581600
AT3G42660	Os09g0241100
AT1G77030	Os08g0416100
AT5G51570	Os06g0136000
AT5G43540	Os07g0417400
AT2G41710	Os05g0389000
AT5G64730	Os02g0543400
AT1G32160	Os04g0596300
AT4G00460	Os10g0550300
AT3G10330	Os09g0534800
AT2G03200	Os04g0448300
AT2G32290	Os07g0543100
AT5G18230	Os03g0652100
AT1G32900	Os07g0412100
AT1G16670	Os02g0165100
AT2G46470	Os10g0521300
AT5G38640	Os12g0617100
AT1G68580	Os08g0431100
AT3G24340	Os02g0650800
AT5G15140	Os04g0458300
AT1G30845	Os03g0127000
AT3G57520	Os07g0209100
AT5G22010	Os11g0572100
AT1G54217	Os01g0183633
AT1G79550	Os06g0668200
AT2G30200	Os03g0297400
AT3G54880	Os07g0479600
AT1G08770	Os03g0798400
AT4G33460	Os01g0770500
AT5G42650	Os03g0767000
AT1G27440	Os01g0926600
AT4G34270	Os03g0760600
AT1G11820	Os07g0510200
AT1G55590	Os08g0499900
AT1G19530	Os03g0826800
AT1G20560	Os03g0133500
AT4G17300	Os07g0485400
AT3G62200	Os07g0637200
AT2G47210	Os05g0540800
AT2G28100	Os04g0560400
AT1G29220	Os01g0759700
AT2G02180	Os10g0537500
AT2G19450	Os06g0563900
AT1G07120	Os03g0294100
AT4G20090	Os06g0499301
AT5G40405	Os01g0715700
AT4G10100	Os02g0558300
AT2G14170	Os07g0188800
AT4G12970	Os01g0914400
AT2G26270	Os09g0440200
AT5G55610	Os12g0498800
AT2G01770	Os04g0463400
AT3G62010	Os03g0586700
AT1G07960	Os03g0287900
AT1G56010	Os06g0675600
AT4G13550	Os04g0509100
AT5G07630	Os07g0486100
AT1G56220	Os03g0342900
AT2G47890	Os07g0667300
AT4G28510	Os03g0841700
AT1G29200	Os06g0545900
AT5G53280	Os01g0224200
AT3G55250	Os05g0526200
AT5G39840	Os04g0459800
AT3G62220	Os05g0135800
AT1G11800	Os12g0414900
AT1G07645	Os03g0277500
AT5G08280	Os02g0168800
AT4G11560	Os01g0527400
AT5G62770	Os01g0639600
AT3G57500	Os03g0696150
AT3G19340	Os12g0479900
AT2G46710	Os04g0577200
AT1G11090	Os07g0565700
AT2G46850	Os10g0351500
AT3G07180	Os01g0907300
AT2G35040	Os08g0206600
AT3G29280	Os03g0257000
AT2G33740	Os03g0186950
AT1G11570	Os01g0788200
AT4G26640	Os07g0583700
AT5G47920	Os04g0382400
AT1G57680	Os01g0885200
AT4G13650	Os12g0552300
AT5G56090	Os08g0496000
AT5G54200	Os04g0678300
AT3G05540	Os11g0660500
AT2G38140	Os05g0186000
AT1G13360	Os01g0131300
AT3G09060	Os01g0852900
AT4G30840	Os08g0266600
AT3G57870	Os03g0123100
AT3G18440	Os02g0730600
AT2G27880	Os03g0800200
AT2G34640	Os01g0769900
AT4G26965	Os09g0500200
AT4G14750	Os03g0161400
AT3G57600	Os03g0174400
AT2G04360	Os08g0345400
AT4G38630	Os03g0243300
AT4G18240	Os05g0533600
AT4G16210	Os03g0310400
AT4G24110	Os03g0114100
AT1G58230	Os06g0678650
AT5G11010	Os01g0184000
AT3G01910	Os08g0530400
AT4G40080	Os09g0468150
AT3G08670	Os05g0480600
AT1G10970	Os06g0566300
AT4G01150	Os02g0731600
AT3G53090	Os03g0683866
AT1G22800	Os12g0203100
AT3G54770	Os03g0286500
AT5G57460	Os08g0243900
AT1G71740	Os02g0210900
AT2G45770	Os01g0958100
AT4G20350	Os10g0420000
AT3G12180	Os12g0506400
AT5G19960	Os02g0208200
AT5G20930	Os03g0749800
AT1G80150	Os08g0499800
AT3G60480	Os04g0549400
AT2G38070	Os01g0852400
AT5G42370	Os02g0592200
AT5G47900	Os02g0526000
AT1G54350	Os01g0218700
AT3G22880	Os11g0146800
AT3G48260	Os05g0108300
AT3G08800	Os03g0281800
AT1G34260	Os08g0104700
AT3G46970	Os01g0851700
AT5G13410	Os07g0133700
AT1G19630	Os05g0101600
AT1G55690	Os08g0341700
AT2G34190	Os01g0759900
AT1G33470	Os01g0876800
AT5G56940	Os09g0498100
AT5G51670	Os03g0858600
AT4G39830	Os09g0365900
AT2G25660	Os01g0179400
AT4G30900	Os05g0279600
AT2G39805	Os05g0455800
AT1G33055	Os04g0581700
AT5G24120	Os05g0586600
AT3G57450	Os07g0185900
AT3G15395	Os02g0197400
AT4G30160	Os08g0240800
AT5G16010	Os07g0162100
AT4G16660	Os02g0710900
AT2G39210	Os03g0800000
AT4G21105	Os02g0162000
AT1G02460	Os01g0296200
AT5G44740	Os01g0757800
AT3G13200	Os06g0106100
AT4G29750	Os09g0363100
AT3G19950	Os06g0101300
AT1G16570	Os03g0180700
AT4G29810	Os06g0147800
AT1G68680	Os05g0176600
AT4G28260	Os10g0500600
AT1G48320	Os03g0691400
AT4G13400	Os05g0556000
AT5G03910	Os04g0413000
AT5G04440	Os03g0146500
AT3G28460	Os03g0736400
AT2G19520	Os01g0710000
AT1G28130	Os11g0528700
AT3G52730	Os05g0400400
AT5G51820	Os10g0189100
AT1G48300	Os05g0137300
AT4G12540	Os05g0532500
AT1G31860	Os01g0276500
AT1G52530	Os04g0528400
AT5G48790	Os02g0129300
AT1G66730	Os01g0685500
AT1G04985	Os04g0669100
AT1G22940	Os12g0192500
AT1G20020	Os06g0107700
AT3G13220	Os06g0607700
AT5G08490	Os02g0290000
AT3G48610	Os01g0102000
AT1G02050	Os10g0484800
AT1G34380	Os01g0874800
AT5G35670	Os06g0611100
AT3G48380	Os12g0285500
AT3G02130	Os07g0602700
AT4G31780	Os09g0423600
AT1G73110	Os04g0658300
AT5G53490	Os10g0502000
AT5G40280	Os01g0737800
AT5G47840	Os08g0109300
AT3G45830	Os05g0117864
AT5G14800	Os01g0948400
AT3G57060	Os07g0659500
AT4G11000	Os06g0297400
AT5G02310	Os01g0148000
AT2G39000	Os02g0806000
AT4G21190	Os01g0757700
AT1G09680	Os04g0463300
AT5G13770	Os04g0583101
AT2G05710	Os08g0191100
AT1G33940	Os07g0422280
AT3G54610	Os10g0415900
AT2G05940	Os03g0179400
AT4G17800	Os04g0590200
AT4G36550	Os06g0480000
AT4G20300	Os01g0680700
AT2G42975	Os01g0666600
AT1G79870	Os01g0228600
AT5G41040	Os11g0507200
AT5G53070	Os05g0528900
AT5G54790	Os07g0524000
AT3G08710	Os01g0168200
AT1G32730	Os08g0129500
AT3G14067	Os02g0779200
AT5G64160	Os02g0753200
AT5G19150	Os11g0276300
AT1G08510	Os06g0143400
AT4G06676	Os04g0433200
AT5G58330	Os08g0562100
AT5G61240	Os03g0211900
AT1G15410	Os01g0555200
AT1G11320	Os06g0724200
AT1G68930	Os02g0106300
AT5G04190	Os01g0264600
AT4G01100	Os05g0585900
AT1G79600	Os05g0323800
AT5G57020	Os01g0708100
AT1G22850	Os01g0884900
AT3G54380	Os03g0352200
AT1G32340	Os02g0694700
AT3G57650	Os11g0637800
AT3G14860	Os02g0234200
AT1G02660	Os01g0253900
AT1G79620	Os03g0329700
AT3G56070	Os09g0571400
AT4G13870	Os04g0129200
AT4G02350	Os01g0351300
AT2G25460	Os01g0194000
AT3G19840	Os10g0485000
AT1G60060	Os06g0233800
AT5G42520	Os06g0130600
AT3G24160	Os08g0567000
AT5G54250	Os05g0502000
AT4G00560	Os02g0826200
AT2G40190	Os12g0583000
AT4G27120	Os07g0103200
AT2G27510	Os03g0835900
AT5G56850	Os05g0232200
AT4G09010	Os04g0602100
AT1G68480	Os01g0129200
AT2G47390	Os03g0307100
AT4G02570	Os01g0369000
AT5G09660	Os12g0632700
AT5G58740	Os01g0668000
AT5G14850	Os01g0580100
AT5G66240	Os07g0589400
AT5G57660	Os02g0610500
AT1G34770	Os07g0151300
AT3G48770	Os11g0514000
AT5G14710	Os10g0395500
AT1G78800	Os04g0589600
AT4G17940	Os10g0576600
AT3G15350	Os01g0201100
AT2G39050	Os01g0104400
AT5G12430	Os05g0374600
AT1G60600	Os03g0190100
AT3G51140	Os03g0255200
AT5G23240	Os04g0675400
AT3G27740	Os02g0708100
AT2G45260	Os10g0378400
AT3G53470	Os03g0285100
AT3G25545	Os01g0219000
AT5G13610	Os07g0694800
AT3G18190	Os02g0332200
AT1G19430	Os03g0775200
AT4G38980	Os02g0469000
AT3G47120	Os03g0826400
AT5G17290	Os02g0117800
AT4G29720	Os01g0710200
AT3G60680	Os10g0508100
AT2G43360	Os08g0540100
AT3G28210	Os09g0385700
AT5G15280	Os03g0168400
AT1G31490	Os06g0151100
AT1G20050	Os01g0103600
AT3G63240	Os03g0160600
AT4G13450	Os10g0463300
AT2G42120	Os03g0128500
AT5G36880	Os02g0525900
AT2G06510	Os02g0776800
AT1G19980	Os04g0117200
AT3G51070	Os06g0712800
AT1G75540	Os04g0540200
AT3G11964	Os07g0203300
AT4G30950	Os08g0440900
ATCG01060	Os09g0485201
AT5G01110	Os03g0165100
AT3G11260	Os01g0854500
AT4G38430	Os09g0544800
AT5G20680	Os11g0241900
AT2G41350	Os08g0240600
AT1G05910	Os09g0515100
AT1G02020	Os10g0190800
AT1G68890	Os02g0581500
AT4G21192	Os02g0560450
AT4G03180	Os12g0538100
AT3G57062	Os07g0213500
AT5G44230	Os06g0694300
AT5G60620	Os07g0531600
AT3G15200	Os01g0151900
AT5G16300	Os01g0777000
AT1G53860	Os11g0616300
AT5G19980	Os08g0203900
AT1G67740	Os08g0119800
AT3G51510	Os05g0490900
AT5G20050	Os06g0142650
AT1G48200	Os06g0149500
AT1G08860	Os05g0373300
AT4G22580	Os10g0553600
AT5G64030	Os01g0883900
AT4G00290	Os04g0578700
AT1G70070	Os02g0739000
AT1G72060	Os03g0734300
AT1G09020	Os03g0856400
AT3G47630	Os11g0549650
AT5G40610	Os01g0971600
AT4G36760	Os11g0540100
AT1G04970	Os09g0482720
AT1G77340	Os06g0690900
AT5G22470	Os02g0530600
AT5G15770	Os09g0488000
AT5G60870	Os09g0560450
AT1G09890	Os08g0554100
AT2G43410	Os09g0516300
AT5G55490	Os09g0442400
AT2G17900	Os03g0704200
AT1G68020	Os09g0397300
AT5G02890	Os02g0653400
AT5G60600	Os02g0603800
AT3G24030	Os01g0363600
AT3G25530	Os02g0562700
AT2G12550	Os04g0644300
AT5G57930	Os02g0732900
AT5G27540	Os03g0810600
AT1G13380	Os09g0281300
AT4G15420	Os01g0534800
AT1G14710	Os03g0238800
AT4G22720	Os05g0194600
AT3G15010	Os01g0614500
AT1G66240	Os08g0205400
AT2G01860	Os02g0118000
AT2G41200	Os01g0955600
AT1G14850	Os06g0305200
AT3G02650	Os01g0897500
AT3G55820	Os03g0237950
AT1G09660	Os05g0419500
AT1G69070	Os03g0598200
AT2G27690	Os01g0858350
AT3G56510	Os07g0662600
AT2G01070	Os11g0546100
AT1G53140	Os01g0748000
AT1G04640	Os03g0321800
AT4G19003	Os01g0658500
AT3G17365	Os08g0517600
AT1G34360	Os02g0101100
AT4G09350	Os11g0216100
AT3G18524	Os05g0274200
AT2G46220	Os05g0215600
AT1G44910	Os01g0532200
AT2G26650	Os01g0648000
AT2G47580	Os05g0154800
AT4G02220	Os03g0300200
AT1G15360	Os02g0202000
AT1G06110	Os11g0265200
AT1G69690	Os06g0226700
AT2G01690	Os03g0223700
AT2G30710	Os09g0515800
AT4G38150	Os01g0546500
AT3G02420	Os01g0604700
AT2G44820	Os01g0224500
AT4G39955	Os03g0388800
AT4G02010	Os01g0253100
AT3G11590	Os04g0382800
AT2G20340	Os07g0437500
AT5G62140	Os02g0677600
AT5G22850	Os01g0777200
AT5G15410	Os03g0758300
AT5G11320	Os01g0645400
AT1G04190	Os12g0604800
AT1G35470	Os02g0556600
AT2G43770	Os06g0653800
AT1G55880	Os03g0215800
AT1G68660	Os08g0432500
AT5G03345	Os12g0566400
AT2G46200	Os01g0226500
AT2G45590	Os03g0251700
AT4G14305	Os08g0566900
AT1G26761	Os08g0433300
AT4G16310	Os10g0532100
AT4G05160	Os03g0152400
AT2G23890	Os09g0424600
AT1G19150	Os09g0439500
AT1G03330	Os08g0154700
AT1G54790	Os05g0401000
AT1G29850	Os05g0547850
AT5G17560	Os06g0484600
AT3G55800	Os04g0234600
AT2G01140	Os01g0118000
AT2G25680	Os08g0101500
AT4G37380	Os07g0113500
AT1G29940	Os10g0495600
AT5G09680	Os07g0232200
AT4G19540	Os03g0627300
AT1G13770	Os03g0213700
AT2G26060	Os07g0252000
AT2G41705	Os10g0567000
AT3G13570	Os03g0374575
AT1G47840	Os07g0197100
AT1G18170	Os03g0708500
AT3G55470	Os01g0841700
AT2G41250	Os07g0659400
AT3G02600	Os01g0139600
AT2G21620	Os02g0705400
AT2G04039	Os07g0607800
AT2G03670	Os04g0498800
AT1G53490	Os02g0232100
AT1G60080	Os11g0311300
AT1G43190	Os05g0437300
AT3G02870	Os03g0587000
AT3G24180	Os10g0473400
AT4G35560	Os04g0564700
AT1G17720	Os02g0224200
AT2G03800	Os08g0339200
AT1G08490	Os12g0287300
AT5G18830	Os05g0408200
AT3G14880	Os05g0560200
AT1G02680	Os01g0338100
AT5G22940	Os03g0107900
AT5G52530	Os08g0430000
AT3G63340	Os11g0586100
AT2G17950	Os04g0663600
AT5G09310	Os01g0960000
AT2G32000	Os09g0500600
AT4G08550	Os06g0224200
AT2G35910	Os03g0788100
AT1G03910	Os03g0800100
AT4G32830	Os01g0191800
AT3G20650	Os08g0180000
AT5G55860	Os12g0271600
AT4G34450	Os07g0201100
AT5G20890	Os03g0619400
AT5G47030	Os07g0495200
AT3G45040	Os02g0142250
AT2G03820	Os10g0573900
AT4G03030	Os02g0316200
AT2G27490	Os01g0360600
AT2G19270	Os02g0175900
AT4G31270	Os02g0174300
AT5G64180	Os12g0502100
AT5G02460	Os03g0821200
AT5G23340	Os02g0636400
AT3G62940	Os04g0619500
AT3G26730	Os02g0516600
AT1G24120	Os02g0741100
AT2G14910	Os12g0581700
AT5G13280	Os03g0850400
AT2G13440	Os01g0960300
AT2G19385	Os01g0583200
AT1G68050	Os11g0547000
AT5G42760	Os03g0775000
AT5G20660	Os04g0519925
AT5G19630	Os02g0717100
AT3G20420	Os05g0271300
AT4G09320	Os10g0563700
AT2G18220	Os10g0495500
AT5G49550	Os02g0190900
AT1G29800	Os02g0233100
AT4G29560	Os06g0573800
AT3G55850	Os01g0952700
AT2G44710	Os04g0543200
AT5G54570	Os06g0683300
AT3G19180	Os04g0675800
AT2G44850	Os02g0655100
AT3G02450	Os04g0466100
AT4G38120	Os08g0152900
AT5G22800	Os06g0245800
AT3G16360	Os01g0743800
AT1G11755	Os03g0197000
AT2G42430	Os02g0820500
AT1G42550	Os09g0553900
AT2G03667	Os12g0574900
AT5G22090	Os03g0261800
AT5G61340	Os12g0577200
AT3G60660	Os07g0484500
AT2G33735	Os02g0760000
AT2G26600	Os06g0607000
AT4G02790	Os05g0430400
AT5G58230	Os03g0640100
AT3G54280	Os02g0161300
AT4G02725	Os03g0701300
AT1G51940	Os01g0741200
AT3G02060	Os11g0533100
AT5G11350	Os01g0610600
AT2G39930	Os08g0520900
AT5G50110	Os06g0239000
AT5G22820	Os03g0684100
AT5G55140	Os08g0110100
AT4G38100	Os09g0465800
AT4G33580	Os09g0464000
AT4G28590	Os01g0829000
AT3G47430	Os04g0534600
AT2G23460	Os12g0593000
AT2G45280	Os01g0578000
AT2G47810	Os01g0935200
AT2G24270	Os08g0440800
AT1G56090	Os04g0616100
AT4G25170	Os02g0657700
AT1G28060	Os09g0249600
AT2G26870	Os01g0955000
AT5G05740	Os01g0142100
AT5G41330	Os07g0419200
AT2G37150	Os01g0159300
AT5G57700	Os07g0516000
AT1G15860	Os08g0439150
AT4G24190	Os06g0716700
AT1G21630	Os06g0728600
AT4G14000	Os09g0359900
AT2G26500	Os03g0765900
AT1G08280	Os01g0858900
AT2G30350	Os07g0230500
AT3G16490	Os05g0187500
AT4G14890	Os03g0659200
AT5G16940	Os09g0397700
AT1G56350	Os03g0305700
AT3G06170	Os03g0454100
AT1G73970	Os02g0123400
AT3G25980	Os04g0486500
AT5G56220	Os08g0499100
AT5G23950	Os09g0571200
AT4G23330	Os07g0483400
AT5G58040	Os03g0725100
AT4G35000	Os08g0549100
AT5G07960	Os03g0756800
AT4G34500	Os03g0227900
AT5G66950	Os03g0765800
AT2G35035	Os02g0173000
AT4G33680	Os03g0299900
AT2G30570	Os01g0773700
AT3G12340	Os09g0293900
AT2G26780	Os11g0137300
AT4G29660	Os05g0540200
AT1G72550	Os05g0558900
AT4G32910	Os01g0746200
AT3G27925	Os05g0568900
AT3G49890	Os03g0201200
AT5G42080	Os05g0556100
AT2G23390	Os04g0442200
AT3G17060	Os03g0309400
AT4G17790	Os04g0592600
AT5G49650	Os07g0640200
AT3G08010	Os02g0610800
AT3G49000	Os01g0679000
AT5G55590	Os07g0607400
AT5G19530	Os02g0237100
AT5G53770	Os01g0672700
AT3G06040	Os02g0198900
AT5G54090	Os10g0509000
AT3G25430	Os08g0440200
AT4G14210	Os03g0184000
AT2G24130	Os06g0186100
AT4G22930	Os01g0747500
AT1G12530	Os03g0228500
AT2G25810	Os01g0232000
AT3G53220	Os04g0560200
AT3G14410	Os08g0135100
AT4G23740	Os01g0223600
AT3G26950	Os11g0507400
AT5G48470	Os11g0425300
AT2G31970	Os02g0497500
AT3G29770	Os07g0603600
AT3G13940	Os11g0615100
AT4G15520	Os05g0141400
AT3G01990	Os04g0391500
AT2G20920	Os03g0137300
AT1G15140	Os02g0328300
AT5G51220	Os07g0490300
AT4G19190	Os06g0708900
AT2G31190	Os04g0517300
AT3G17600	Os01g0286900
AT1G51350	Os11g0638900
AT3G28720	Os06g0584200
AT4G29890	Os06g0698785
AT5G35200	Os06g0175500
AT1G20810	Os02g0117600
AT3G20550	Os05g0545600
AT5G37370	Os05g0178900
AT1G28520	Os05g0515700
AT5G51010	Os11g0528500
AT1G73965	Os02g0324400
AT4G03240	Os01g0783600
AT5G63960	Os11g0186400
AT3G09270	Os09g0467200
AT3G45230	Os03g0852400
AT5G46330	Os04g0618700
AT1G17680	Os11g0266800
AT3G51770	Os03g0294700
AT5G47240	Os04g0547900
AT1G79760	Os01g0744200
AT3G03440	Os01g0112500
AT1G36380	Os02g0552400
AT5G63100	Os02g0489500
AT5G33320	Os09g0297400
AT3G48140	Os06g0246000
AT3G04910	Os07g0572800
AT4G39230	Os06g0472200
AT2G05790	Os02g0771700
AT5G63120	Os01g0911100
AT1G02700	Os07g0675200
AT3G52180	Os03g0107800
AT5G59960	Os01g0151600
AT4G21110	Os01g0857700
AT5G02390	Os12g0570500
AT1G78790	Os04g0481500
AT1G23180	Os01g0524700
AT2G39750	Os01g0846600
AT5G24530	Os03g0122300
AT1G15690	Os06g0644200
AT5G14220	Os04g0490100
AT2G45490	Os03g0765000
AT2G39810	Os03g0737200
AT5G09580	Os11g0167200
AT2G36970	Os10g0442400
AT5G03905	Os08g0369700
AT5G35220	Os03g0792400
AT2G19130	Os07g0553633
AT3G13800	Os09g0363800
AT3G28700	Os01g0588800
AT2G03350	Os03g0210500
AT5G49400	Os11g0199600
AT4G29210	Os01g0151500
AT5G67170	Os04g0670400
AT5G06440	Os11g0568700
AT5G52630	Os01g0651100
AT5G51200	Os02g0202250
AT3G23100	Os03g0740800
AT3G14770	Os01g0541800
AT2G20900	Os04g0634700
AT5G60370	Os05g0123300
AT1G14570	Os04g0670800
AT5G17460	Os01g0125700
AT3G07950	Os07g0655400
AT3G22590	Os03g0664700
AT5G22300	Os02g0635200
AT5G42130	Os01g0964900
AT2G37195	Os02g0805700
AT2G31440	Os02g0272600
AT2G30320	Os03g0338600
AT2G12400	Os02g0799300
AT1G68560	Os01g0130400
AT5G46910	Os10g0577600
AT2G45690	Os02g0123200
AT4G13270	Os03g0696000
AT4G16700	Os03g0101900
AT3G26900	Os01g0102600
AT3G19240	Os02g0178500
AT4G37510	Os01g0810100
AT5G27970	Os01g0772700
AT2G38770	Os03g0387000
AT5G54850	Os07g0520600
AT1G63980	Os03g0125300
AT5G66920	Os07g0119400
AT4G09820	Os07g0211500
AT3G61150	Os02g0674800
AT5G17660	Os01g0535900
AT1G80530	Os06g0179200
AT3G48425	Os12g0279600
AT1G76990	Os02g0555600
AT3G55350	Os11g0702700
AT3G54690	Os02g0158300
AT4G16580	Os03g0809300
AT4G17220	Os03g0215700
AT1G29320	Os07g0506700
AT3G04740	Os09g0281900
AT1G56300	Os03g0300600
AT1G79270	Os01g0679900
AT2G33040	Os10g0320400
AT2G27590	Os01g0858700
AT3G58640	Os01g0674100
AT1G74910	Os03g0208900
AT4G04614	Os06g0630300
AT3G54140	Os01g0142800
AT4G15550	Os01g0179600
AT3G59900	Os11g0247000
AT5G55280	Os04g0665400
AT5G61840	Os02g0520750
AT5G52980	Os02g0225300
AT5G11710	Os04g0599900
AT5G22320	Os01g0966400
AT1G31770	Os08g0167000
AT2G01590	Os09g0306650
AT2G13540	Os03g0347200
AT5G11850	Os02g0220700
AT2G25720	Os04g0566000
AT2G26550	Os03g0395000
AT2G47680	Os01g0256800
AT2G30300	Os01g0825500
AT3G07160	Os03g0119500
AT4G24440	Os05g0107700
AT3G10230	Os02g0190600
AT4G02485	Os11g0657200
AT5G17210	Os06g0114700
AT3G52030	Os11g0182400
AT5G15880	Os09g0108400
AT2G28430	Os10g0481400
AT1G50440	Os02g0132300
AT3G18110	Os06g0199100
AT5G13690	Os04g0650900
AT5G08260	Os04g0525700
AT2G39580	Os12g0566500
AT5G44170	Os05g0564100
AT3G24240	Os04g0132500
AT1G71990	Os04g0432300
AT5G09750	Os08g0108500
AT5G17020	Os03g0858100
AT2G38410	Os05g0339000
AT2G19080	Os06g0168000
AT1G45110	Os10g0414500
AT1G07980	Os03g0852300
AT5G13070	Os02g0717900
AT1G14300	Os10g0406800
AT2G39700	Os03g0822000
AT1G78010	Os08g0407000
AT3G51380	Os03g0134800
AT5G14250	Os08g0119000
AT2G33990	Os06g0155300
AT5G66840	Os07g0619700
AT5G13140	Os09g0508200
AT3G20780	Os09g0279600
AT5G16850	Os12g0293100
AT2G02160	Os04g0671800
AT1G70590	Os04g0476000
AT1G02290	Os08g0500500
AT1G21430	Os12g0189500
AT5G48820	Os03g0137800
AT3G54860	Os04g0223000
AT3G47530	Os08g0434000
AT1G31410	Os04g0602200
AT4G18593	Os02g0251700
AT5G11470	Os01g0610300
AT3G51610	Os05g0168400
AT3G59840	Os05g0500450
AT3G58970	Os03g0137700
AT5G49060	Os05g0364500
AT2G21370	Os07g0409200
AT5G37780	Os05g0491100
AT3G20500	Os03g0568900
AT3G46200	Os05g0117500
AT5G24810	Os06g0701300
AT3G06860	Os01g0348600
AT5G45300	Os02g0129600
AT1G77620	Os03g0262300
AT1G67510	Os12g0235700
AT5G24750	Os02g0210800
AT2G42700	Os11g0169100
AT3G59650	Os03g0207250
AT4G03270	Os07g0556000
AT3G52080	Os12g0640500
AT2G28480	Os01g0958400
AT3G21420	Os01g0935400
AT2G02400	Os01g0978400
AT3G04260	Os10g0462800
AT2G33490	Os04g0394700
ATCG00080	Os08g0433350
AT1G66080	Os03g0237500
AT4G29120	Os01g0742300
AT5G18610	Os01g0936100
AT1G31910	Os03g0253100
AT2G29510	Os03g0267600
AT5G11970	Os01g0567400
AT3G25680	Os06g0499000
AT2G22070	Os03g0775400
AT4G18060	Os07g0508300
AT3G58470	Os03g0749900
AT3G07420	Os12g0414500
AT5G43010	Os02g0199900
AT5G32450	Os03g0748900
AT2G20060	Os11g0585700
AT2G23093	Os08g0113800
AT3G23890	Os02g0699700
AT3G18790	Os02g0602500
AT4G28990	Os02g0274700
AT1G10200	Os12g0510900
AT1G50940	Os03g0835400
AT5G06470	Os07g0159900
AT5G67140	Os06g0166000
AT4G10930	Os12g0209700
AT4G29960	Os04g0606800
AT3G07400	Os02g0481700
AT1G64550	Os02g0826500
AT5G27710	Os07g0673000
AT3G20730	Os04g0628200
AT5G51110	Os03g0100200
AT2G31090	Os01g0214500
AT5G60340	Os07g0412400
AT3G23020	Os03g0162900
AT5G65310	Os08g0481400
AT1G47500	Os09g0462700
AT2G10553	Os08g0135800
AT5G03455	Os03g0108000
AT3G47700	Os02g0748100
AT5G03860	Os04g0486950
AT5G63000	Os01g0271000
AT3G21400	Os12g0540700
AT5G01850	Os03g0816100
AT3G48040	Os06g0234200
AT1G73820	Os12g0168200
AT5G59210	Os03g0268100
AT5G58860	Os01g0854800
AT5G01710	Os07g0692401
AT5G63890	Os01g0232700
AT4G19670	Os12g0631200
AT4G21200	Os04g0522500
AT3G26650	Os04g0459500
AT5G41410	Os06g0108900
AT2G38910	Os07g0161600
AT3G46220	Os05g0117600
AT5G07020	Os02g0556800
AT3G04380	Os02g0621100
AT2G36895	Os03g0152600
AT1G32130	Os01g0147200
AT4G27700	Os09g0530000
AT2G40250	Os01g0832100
AT1G73940	Os03g0852500
AT1G74410	Os02g0743700
AT3G10360	Os02g0819300
AT5G18260	Os03g0326300
AT5G11640	Os01g0200400
AT1G03510	Os03g0852000
AT5G23400	Os04g0677200
AT3G03710	Os07g0168000
AT4G08950	Os02g0757100
AT5G58070	Os02g0612900
AT5G42180	Os02g0833900
AT1G04300	Os12g0597200
AT1G26930	Os11g0602800
AT5G53330	Os06g0160400
AT5G03070	Os01g0158000
AT3G59400	Os11g0267000
AT3G42630	Os08g0520200
AT2G15220	Os10g0490900
AT3G04610	Os03g0627500
AT4G24820	Os04g0485000
AT2G25530	Os03g0851900
AT3G53110	Os03g0158200
AT3G26420	Os03g0836200
AT5G08740	Os06g0214900
AT3G59420	Os03g0637800
AT5G06850	Os06g0614000
AT1G24560	Os09g0565400
AT4G26200	Os01g0192900
AT2G31940	Os09g0445600
AT5G48440	Os09g0514100
AT5G04250	Os03g0859800
AT4G24090	Os09g0529350
AT2G22860	Os03g0232400
AT3G48990	Os04g0683700
AT5G56110	Os04g0470600
AT1G76490	Os09g0492700
AT5G23420	Os08g0101100
AT5G58140	Os04g0304200
AT2G17550	Os03g0130700
AT5G01470	Os03g0826700
AT1G50670	Os02g0164800
AT4G32260	Os03g0278900
AT3G56330	Os05g0324200
AT5G55230	Os06g0611000
AT5G66420	Os06g0472400
AT2G36090	Os11g0155100
AT2G34200	Os01g0731800
AT3G50880	Os05g0567500
AT4G21705	Os07g0598500
AT5G54440	Os12g0554400
AT1G28340	Os07g0501800
AT2G45990	Os07g0418000
AT3G21865	Os04g0629000
AT4G32770	Os02g0276500
AT2G33860	Os01g0670800
AT1G76070	Os09g0542900
AT5G59460	Os01g0144600
AT1G63310	Os04g0105200
AT4G21250	Os01g0786800
AT3G46790	Os01g0848300
AT1G63680	Os10g0548900
AT4G19710	Os08g0342400
AT1G30880	Os04g0611300
AT3G18200	Os01g0117900
AT1G65000	Os03g0857750
AT1G64500	Os01g0235900
AT2G47430	Os06g0183200
AT1G17630	Os01g0197450
AT5G43250	Os01g0183400
AT5G49900	Os11g0242100
AT4G18400	Os09g0569450
AT3G16170	Os01g0761300
AT3G47810	Os02g0265400
AT5G06940	Os04g0472500
AT5G01670	Os05g0474600
AT5G21482	Os08g0460600
AT5G25080	Os08g0270200
AT2G20495	Os07g0458800
AT5G24580	Os03g0861400
AT1G71860	Os12g0174800
AT3G07060	Os08g0135300
AT2G20420	Os02g0621700
AT2G21340	Os02g0122200
AT3G43610	Os04g0566800
AT3G56910	Os01g0278900
AT4G39280	Os10g0400800
AT1G64520	Os07g0435100
AT5G66600	Os03g0769000
AT5G10320	Os04g0451100
AT1G65020	Os10g0577000
AT5G27820	Os01g0256600
AT2G42750	Os01g0730500
AT5G07475	Os04g0545400
AT5G66870	Os03g0612400
AT5G58490	Os03g0818200
AT4G21790	Os07g0102400
AT2G42810	Os05g0204900
AT1G79915	Os06g0639300
AT5G23870	Os10g0550500
AT3G21060	Os03g0207900
AT5G63460	Os11g0483600
AT2G07340	Os02g0462900
AT1G73850	Os01g0129500
AT2G47980	Os05g0188500
AT2G37660	Os05g0110300
AT1G70230	Os09g0375300
AT1G73710	Os07g0472100
AT2G02450	Os01g0888300
AT5G64270	Os02g0146400
AT4G08920	Os04g0452100
AT4G34730	Os06g0137600
AT3G61460	Os02g0681200
AT5G23060	Os02g0729400
AT4G18650	Os01g0306400
AT3G21870	Os04g0628900
AT1G31330	Os03g0778100
AT2G36710	Os09g0571100
AT1G08230	Os01g0857400
AT2G38740	Os09g0407700
AT1G07310	Os01g0853800
AT3G11170	Os07g0693800
AT4G32410	Os05g0176100
AT5G13990	Os11g0167600
AT2G40220	Os05g0351200
AT1G76065	Os02g0667000
AT5G07050	Os05g0409500
AT3G14910	Os09g0315800
AT4G33630	Os10g0485300
AT2G26730	Os01g0607900
AT5G06800	Os04g0665600
AT5G30490	Os01g0328500
AT2G34585	Os07g0154300
AT5G48970	Os01g0934200
AT1G25420	Os01g0687700
AT3G01490	Os05g0577700
AT4G24710	Os04g0479000
AT3G13440	Os03g0824200
AT5G04200	Os11g0134700
AT3G19270	Os09g0457100
AT5G21050	Os03g0722000
AT1G55740	Os08g0495800
AT1G50710	Os02g0119100
AT4G01290	Os06g0105900
AT1G71070	Os01g0121800
AT4G01810	Os01g0321700
AT1G71140	Os05g0554000
AT4G26790	Os02g0189300
AT3G63060	Os01g0802600
AT3G58800	Os01g0748200
AT4G37830	Os03g0772800
AT3G16990	Os03g0306900
AT1G32080	Os01g0511600
AT3G54170	Os06g0474200
AT5G67490	Os06g0157800
AT2G37020	Os10g0443200
AT2G38330	Os12g0106600
AT4G36180	Os04g0576900
AT1G77420	Os01g0688200
AT3G58090	Os01g0835600
AT2G35880	Os11g0571900
AT2G15790	Os06g0216800
AT3G26060	Os06g0196300
AT5G04010	Os01g0800900
AT4G25280	Os04g0105500
AT2G40200	Os01g0159800
AT4G27750	Os06g0129300
AT1G74260	Os05g0104650
AT1G80750	Os08g0542100
AT5G18410	Os03g0143800
AT4G08900	Os04g0106300
AT5G65930	Os04g0666900
AT2G27230	Os12g0160400
AT3G25480	Os01g0889800
AT2G26340	Os03g0176700
AT1G73470	Os09g0448900
AT2G40815	Os01g0818100
AT5G23450	Os10g0516800
AT4G03415	Os07g0566200
AT1G50320	Os04g0676100
AT2G06990	Os11g0176200
AT3G01360	Os06g0238900
AT2G27040	Os01g0275600
AT3G12600	Os07g0212300
AT1G67410	Os01g0921300
AT1G08845	Os10g0559900
AT2G21950	Os07g0673700
AT2G48070	Os05g0404400
AT3G03570	Os09g0573200
AT2G02500	Os01g0887100
AT4G40045	Os12g0206700
AT4G38460	Os02g0668100
AT5G19680	Os02g0230100
AT2G06925	Os03g0708000
AT1G05590	Os07g0575500
AT2G43330	Os04g0491700
AT1G69040	Os03g0598100
AT3G61390	Os10g0552400
AT1G07795	Os12g0566600
AT5G61500	Os01g0200000
AT1G12680	Os09g0466900
AT1G47420	Os04g0418000
AT3G22845	Os03g0744800
AT3G04880	Os01g0542000
AT1G65560	Os01g0891300
AT1G64060	Os01g0734200
AT3G12870	Os03g0778400
AT1G19715	Os05g0508400
AT4G13030	Os05g0274300
AT1G07700	Os02g0567100
AT3G54230	Os02g0167500
AT1G21580	Os06g0638000
AT4G11980	Os06g0129700
AT1G20430	Os06g0213900
AT3G50380	Os12g0594200
AT1G62830	Os02g0755200
AT5G58280	Os05g0481400
AT3G20920	Os02g0435000
AT5G03555	Os02g0666700
AT1G05785	Os02g0602800
AT2G01170	Os01g0607200
AT3G56830	Os03g0852600
AT3G05250	Os03g0809800
AT5G67360	Os03g0605300
AT4G38050	Os07g0490500
AT1G21700	Os11g0183700
AT5G57630	Os02g0178000
AT4G02110	Os03g0304400
AT2G20370	Os03g0144800
AT4G18370	Os12g0616600
AT5G60160	Os12g0236500
AT1G50300	Os07g0296200
AT2G27170	Os02g0133300
AT5G25760	Os02g0634800
AT1G75010	Os09g0555600
AT5G66500	Os03g0624800
AT2G32150	Os03g0701200
AT5G65290	Os02g0758100
AT1G74510	Os02g0748300
AT1G43710	Os02g0541325
AT2G06040	Os08g0459100
AT3G01280	Os09g0361400
AT3G59780	Os01g0896500
AT1G04940	Os07g0568500
AT5G43822	Os10g0566900
AT5G24680	Os02g0106700
AT2G35410	Os04g0591000
AT2G31320	Os07g0413700
AT5G62990	Os04g0312100
AT2G37560	Os03g0184700
AT2G16405	Os01g0776400
AT2G01990	Os09g0448500
AT1G56440	Os05g0129900
AT3G63520	Os12g0640600
AT3G15110	Os02g0307800
AT3G10140	Os01g0945001
AT5G45800	Os06g0544100
AT5G52580	Os02g0709800
AT5G66780	Os03g0723400
AT1G01200	Os09g0527600
AT3G09180	Os01g0263500
AT3G16230	Os01g0231900
AT3G17340	Os11g0695900
AT1G24050	Os02g0741900
AT5G15330	Os03g0827500
AT1G68100	Os08g0467400
AT1G59720	Os07g0191500
AT1G01220	Os03g0115100
AT1G24460	Os02g0598300
AT4G03080	Os05g0144400
AT1G77550	Os03g0179000
AT1G73320	Os06g0101100
AT3G24515	Os01g0605300
AT5G01350	Os04g0508100
AT3G59520	Os01g0895500
AT5G47080	Os10g0564900
AT5G02120	Os05g0292800
AT4G12790	Os03g0714400
AT3G10070	Os01g0858500
AT1G63700	Os04g0559800
AT5G45820	Os01g0206700
AT1G13245	Os01g0525700
AT3G22990	Os07g0609766
AT3G17730	Os09g0552800
AT5G10710	Os04g0284100
AT5G65205	Os04g0457200
AT1G77370	Os02g0646400
AT1G75200	Os03g0775300
AT5G23520	Os04g0442100
AT2G40935	Os01g0267400
AT1G80930	Os12g0256300
AT3G51830	Os03g0290500
AT1G64600	Os07g0297300
AT3G10690	Os03g0812000
AT1G06790	Os07g0477000
AT2G36570	Os12g0145900
AT5G12210	Os08g0512300
AT2G20780	Os04g0529800
AT3G21550	Os03g0370400
AT5G54540	Os08g0179900
AT5G25265	Os06g0180000
AT3G07370	Os08g0113300
AT3G29185	Os03g0758900
AT5G10940	Os03g0187300
AT5G59560	Os05g0118000
AT4G18780	Os01g0750300
AT4G38890	Os04g0117600
AT3G07550	Os11g0264200
AT3G62190	Os07g0637100
AT1G52560	Os02g0201000
AT1G19020	Os02g0740600
AT5G41880	Os05g0358200
AT2G16070	Os07g0123300
AT4G18520	Os03g0644200
AT4G10750	Os09g0529900
AT2G47115	Os07g0658100
AT5G09430	Os07g0622700
AT3G10405	Os10g0545100
AT4G10810	Os10g0502100
AT2G35610	Os03g0586300
AT4G15840	Os01g0932600
AT3G03300	Os03g0583900
AT2G26840	Os01g0268900
AT5G11540	Os01g0687800
AT1G80310	Os01g0645900
AT1G07290	Os03g0826300
AT3G28430	Os04g0298600
AT2G02370	Os03g0374400
AT3G12650	Os02g0718000
AT4G38210	Os06g0621900
AT1G04850	Os02g0504500
AT4G39860	Os04g0455600
AT1G80680	Os03g0172000
AT5G61370	Os10g0422300
AT4G01310	Os03g0125000
AT1G03380	Os05g0405900
AT4G27680	Os06g0714500
AT2G21160	Os06g0715500
AT4G16630	Os12g0481100
AT4G38020	Os03g0685100
AT2G30105	Os10g0456200
AT5G12890	Os04g0506000
AT5G25270	Os08g0295100
AT3G45140	Os02g0194700
AT3G26370	Os02g0158800
AT5G19930	Os01g0507300
AT4G19350	Os08g0162500
AT2G21045	Os02g0102300
AT1G61415	Os05g0275600
AT4G03130	Os01g0939300
AT5G44280	Os01g0796700
AT1G30380	Os07g0148900
AT2G04740	Os06g0318200
AT3G14172	Os07g0616000
AT5G20100	Os05g0542732
AT5G52290	Os02g0642600
AT2G32120	Os03g0218500
AT1G64650	Os03g0114800
AT5G46880	Os10g0575600
AT3G13540	Os01g0695900
AT5G01300	Os05g0468800
AT1G24020	Os04g0465600
AT1G26750	Os12g0209100
AT1G15230	Os09g0344700
AT1G68150	Os02g0770500
AT1G26810	Os06g0229200
AT4G39690	Os04g0636600
AT1G12930	Os11g0543800
AT5G64080	Os03g0192600
AT1G30610	Os01g0674700
AT1G63810	Os12g0166500
AT2G26920	Os05g0409000
AT3G50410	Os04g0678400
AT1G24095	Os06g0237100
AT5G36170	Os07g0546600
AT3G55440	Os01g0841600
AT2G33360	Os03g0139200
AT5G67590	Os07g0585800
AT1G18070	Os04g0270100
AT2G16860	Os06g0711600
AT1G74880	Os01g0959900
AT2G26900	Os01g0645200
AT5G40740	Os02g0329300
AT2G39630	Os03g0821800
AT3G59550	Os08g0266700
AT1G43670	Os01g0866400
AT1G73350	Os02g0637900
AT5G38220	Os01g0689800
AT2G14260	Os05g0513900
AT1G59750	Os02g0557200
AT2G35260	Os03g0100030
AT5G52810	Os10g0533200
AT2G30970	Os06g0548000
AT1G43800	Os01g0880800
AT1G03260	Os07g0655900
AT5G65720	Os09g0338400
AT5G27395	Os07g0647300
AT1G35190	Os01g0188100
AT3G24080	Os05g0490000
AT5G23550	Os02g0564500
AT1G44770	Os03g0701600
AT5G10820	Os09g0423400
AT1G51965	Os02g0226900
AT1G09150	Os01g0314300
AT1G12480	Os04g0574700
AT3G09030	Os03g0264700
AT1G43620	Os01g0867600
AT1G17330	Os10g0486000
AT1G64850	Os04g0601400
AT5G46680	Os02g0793200
AT1G29900	Os01g0570700
AT5G27550	Os05g0397900
AT3G55950	Os05g0127300
AT1G20830	Os04g0584900
AT3G62920	Os05g0371500
AT1G19860	Os04g0663200
AT5G03560	Os06g0308200
AT5G23395	Os04g0527700
AT3G52250	Os05g0126300
AT1G62430	Os01g0758400
AT1G10130	Os03g0730800
AT3G10050	Os03g0713000
AT5G58560	Os01g0832000
AT3G46130	Os12g0567300
AT5G27370	Os01g0389700
AT1G63610	Os02g0833400
AT1G77350	Os05g0486200
AT2G11890	Os08g0299200
AT3G24315	Os02g0658900
AT5G10870	Os02g0180500
AT1G47670	Os12g0485600
AT3G45020	Os09g0549700
AT1G72440	Os09g0116400
AT1G11915	Os06g0364500
AT5G20170	Os12g0638600
AT2G32040	Os07g0172900
AT2G11000	Os02g0803250
AT2G30920	Os06g0152300
AT5G48340	Os01g0897100
AT1G70150	Os07g0481000
AT2G44950	Os04g0550400
AT5G12860	Os12g0515400
AT4G00740	Os04g0569400
AT1G04420	Os03g0611200
AT1G65280	Os01g0521500
AT2G39830	Os03g0267800
AT1G04400	Os02g0625000
AT3G06560	Os03g0313300
AT3G45890	Os04g0290800
AT5G52380	Os04g0555800
AT1G25350	Os05g0182800
AT3G02125	Os01g0193400
AT3G59300	Os01g0899500
AT1G30290	Os12g0615600
AT5G10620	Os04g0606900
AT1G74310	Os05g0519700
AT4G00330	Os03g0148700
AT5G48730	Os06g0172000
AT1G52590	Os01g0173000
AT2G28260	Os02g0627700
AT3G62160	Os01g0291500
AT2G26970	Os02g0465500
AT3G13235	Os02g0198600
ATCG00790	Os11g0269100
AT1G79985	Os01g0593600
AT1G47820	Os06g0717300
AT2G42880	Os01g0629900
AT3G04480	Os02g0810450
AT5G36120	Os01g0966200
AT4G10260	Os08g0113100
AT4G29230	Os06g0560300
AT1G25570	Os01g0140400
AT3G62900	Os07g0669800
AT5G23300	Os04g0676300
AT2G47910	Os08g0167500
AT5G43130	Os03g0441000
AT5G06550	Os11g0572800
AT1G19140	Os03g0405100
AT1G14900	Os08g0428800
AT4G38690	Os09g0535900
AT2G16890	Os09g0330000
AT3G21300	Os01g0193600
AT1G63260	Os10g0503600
AT4G18570	Os05g0573900
AT1G50500	Os01g0906200
AT5G45420	Os08g0159000
AT1G32200	Os10g0577900
AT1G11240	Os03g0353500
AT4G09730	Os01g0184500
AT5G62150	Os04g0572800
AT2G35290	Os03g0170100
AT5G58575	Os05g0351500
AT3G07300	Os10g0392700
AT5G07590	Os10g0563300
AT1G21380	Os11g0199700
AT2G17710	Os04g0560700
AT3G05270	Os07g0506600
AT5G06370	Os05g0440100
AT5G20165	Os05g0251500
AT2G32990	Os02g0738600
AT5G18930	Os05g0141800
AT2G21970	Os04g0639200
AT4G01880	Os03g0833200
AT2G26640	Os06g0598800
AT5G55960	Os06g0297700
AT5G20990	Os04g0661600
AT4G35230	Os03g0132800
AT3G61590	Os02g0260200
AT1G27760	Os07g0588000
AT1G51160	Os01g0513700
AT5G55100	Os01g0698100
AT1G32220	Os04g0403500
AT1G03750	Os05g0247900
AT1G19690	Os01g0261500
AT3G07320	Os09g0502200
AT4G32930	Os01g0565600
AT3G22150	Os04g0602600
AT4G10380	Os10g0513200
AT3G14430	Os08g0528601
AT1G01760	Os04g0683500
AT4G16830	Os05g0589600
AT4G17180	Os09g0272300
AT5G18480	Os02g0624400
AT5G05700	Os05g0446800
AT2G25830	Os05g0519800
AT4G39660	Os03g0171900
AT1G04650	Os03g0144000
AT3G20440	Os06g0367100
AT1G80880	Os08g0272200
AT2G33390	Os03g0138400
AT3G25410	Os02g0475400
AT3G51980	Os09g0512700
AT3G12710	Os01g0799500
AT2G28380	Os10g0480500
AT4G29735	Os06g0567000
AT3G12940	Os07g0496900
AT1G67580	Os04g0488000
AT3G10020	Os11g0149200
AT1G19490	Os11g0154900
AT5G09830	Os01g0866600
AT3G52220	Os08g0558700
AT5G07360	Os11g0536800
AT5G63280	Os12g0233400
AT4G15440	Os02g0110200
AT4G23930	Os01g0234700
AT5G14180	Os08g0529800
AT2G26440	Os06g0193200
AT1G23220	Os02g0580400
AT5G17230	Os06g0729000
AT3G10210	Os01g0948300
AT3G13730	Os01g0197100
AT3G15240	Os11g0446000
AT4G08540	Os07g0626300
AT5G67390	Os03g0442900
AT4G39460	Os05g0361900
AT2G44920	Os01g0144100
AT5G35180	Os08g0439100
AT1G27385	Os04g0386500
AT1G67700	Os02g0600200
AT2G04530	Os09g0482680
AT3G45050	Os06g0731300
AT5G50760	Os01g0924966
AT5G45600	Os06g0137300
AT1G77320	Os11g0191300
AT4G33910	Os03g0761900
AT5G23570	Os12g0197500
AT2G38430	Os02g0504100
AT1G30700	Os06g0548100
AT3G01390	Os04g0601700
AT4G32680	Os01g0863400
AT1G75270	Os05g0116100
AT3G23280	Os07g0446100
AT5G51180	Os08g0143700
AT4G05090	Os07g0558200
AT1G77300	Os02g0554000
AT3G05760	Os03g0831900
AT1G72970	Os09g0363900
AT2G46915	Os06g0104000
AT4G22330	Os03g0698900
AT5G22950	Os03g0108400
AT4G38490	Os09g0450200
AT2G33560	Os02g0193600
AT1G07410	Os03g0823700
AT1G29950	Os01g0626900
AT3G26570	Os02g0593500
AT3G07565	Os05g0305700
AT5G60640	Os02g0100100
AT1G31430	Os06g0597500
ATMG00070	Os12g0422971
AT3G61360	Os06g0694600
AT1G30580	Os08g0199300
AT1G63770	Os08g0562700
AT5G40530	Os02g0593900
AT3G55160	Os08g0169700
AT5G41480	Os12g0623800
AT1G65590	Os01g0891000
AT3G27325	Os09g0266400
AT5G02040	Os05g0455600
AT3G52200	Os06g0499900
AT5G26360	Os06g0538000
AT5G57035	Os06g0574200
AT1G24490	Os03g0844700
AT2G16460	Os06g0713100
AT5G39790	Os02g0135900
AT4G15563	Os05g0372800
AT2G01120	Os01g0683400
AT1G36980	Os02g0566900
AT4G10770	Os06g0125400
AT3G12090	Os01g0977100
AT4G01510	Os03g0784300
AT4G12760	Os05g0417300
AT5G05810	Os06g0695900
AT3G22960	Os07g0181000
AT2G14255	Os11g0549700
AT1G72190	Os07g0264100
AT5G61350	Os03g0759600
AT5G08630	Os02g0556900
AT1G53645	Os06g0664400
AT4G27510	Os02g0461200
AT1G04870	Os06g0142800
AT3G12670	Os01g0616900
AT1G22180	Os02g0752000
AT1G61010	Os03g0852900
AT5G54730	Os01g0786900
AT1G80510	Os06g0644700
AT5G11340	Os01g0610400
AT3G04680	Os02g0217500
AT1G08960	Os11g0148000
AT3G53180	Os10g0456500
AT2G02570	Os08g0109900
AT4G17030	Os07g0496250
AT2G20320	Os03g0145500
AT2G21440	Os03g0801800
AT4G00910	Os02g0673100
AT3G07350	Os01g0915000
AT2G20300	Os02g0815900
AT2G27960	Os03g0146300
AT1G32250	Os01g0505600
AT3G21570	Os01g0384800
AT2G35720	Os10g0507800
AT2G35795	Os07g0192300
AT2G13620	Os01g0817400
AT2G27100	Os06g0698859
AT1G42540	Os02g0117500
AT2G47330	Os03g0308500
AT5G62960	Os01g0171800
AT2G36370	Os01g0968600
AT3G21350	Os06g0217500
AT4G24550	Os07g0620300
AT1G04620	Os04g0320100
AT1G28440	Os01g0239700
AT4G25050	Os11g0521500
AT1G53120	Os01g0747700
AT3G07570	Os01g0895300
AT3G58520	Os04g0546100
AT2G16050	Os12g0596300
AT1G05577	Os01g0778100
AT1G72640	Os03g0410700
AT5G44560	Os03g0639800
AT2G01100	Os01g0120700
AT5G39250	Os03g0423000
AT4G19400	Os05g0241400
AT5G27450	Os10g0329300
AT2G31400	Os12g0562300
AT3G07800	Os03g0113100
AT2G25740	Os05g0521500
AT1G77470	Os02g0775200
AT5G22340	Os03g0322600
AT2G17350	Os08g0511800
AT5G61820	Os08g0538600
AT3G21670	Os02g0580900
AT3G62730	Os03g0345300
AT3G07090	Os02g0814000
AT4G18465	Os01g0212100
AT5G04270	Os02g0819100
AT3G54120	Os04g0367400
AT5G03460	Os02g0823600
AT3G11960	Os07g0203700
AT4G02030	Os03g0737800
AT4G21760	Os04g0513900
AT1G24360	Os04g0376300
AT5G41810	Os06g0525200
AT3G07670	Os02g0725200
AT1G06130	Os09g0516600
AT2G37690	Os01g0199900
AT3G06050	Os01g0266600
AT1G29340	Os02g0234300
AT4G17240	Os03g0750900
AT5G16950	Os01g0258600
AT4G31985	Os06g0181566
AT4G16330	Os06g0162500
AT2G02090	Os04g0566100
AT1G10417	Os10g0411750
AT5G06620	Os10g0410700
AT4G30790	Os02g0179800
AT5G23940	Os08g0562500
AT2G35680	Os10g0561900
AT2G28880	Os06g0699700
AT2G42260	Os04g0472700
AT1G80380	Os01g0682500
AT3G21820	Os04g0629100
AT5G61670	Os02g0651300
AT1G78915	Os07g0287100
AT3G12350	Os12g0511000
AT1G73400	Os02g0759500
AT3G58600	Os01g0614700
AT4G37630	Os12g0588800
AT3G04580	Os04g0169100
AT1G10760	Os06g0498400
AT5G03050	Os03g0108700
AT3G19220	Os09g0458400
AT5G17990	Os03g0126000
AT1G76660	Os01g0103800
AT2G14680	Os03g0431800
AT1G03310	Os05g0393700
AT3G23490	Os10g0471300
AT4G19420	Os02g0702400
AT1G71210	Os02g0127600
AT5G08530	Os07g0645400
AT1G77710	Os01g0962400
AT3G63090	Os01g0293200
AT5G02230	Os03g0273800
AT2G43980	Os09g0518700
AT1G64570	Os03g0672700
AT5G67460	Os10g0347000
AT1G65070	Os04g0680700
AT4G24400	Os01g0536000
AT3G18270	Os01g0138900
AT1G35340	Os11g0219000
AT5G48840	Os03g0851800
AT5G17170	Os08g0162600
AT1G50400	Os03g0323800
AT3G24200	Os03g0839100
AT3G07940	Os01g0951100
AT5G49970	Os10g0377800
AT3G58060	Os03g0226400
AT4G18470	Os02g0312800
AT5G05930	Os05g0453500
AT3G54826	Os02g0819700
AT1G20330	Os03g0136200
AT1G64350	Os01g0620100
AT3G47610	Os09g0413100
AT1G42970	Os03g0129300
AT5G60540	Os02g0130100
AT1G51730	Os01g0558300
AT3G27050	Os11g0488600
AT1G14340	Os04g0641400
AT1G09230	Os03g0326600
AT5G13120	Os05g0103200
AT5G66005	Os03g0130750
AT1G30680	Os06g0671700
AT4G32700	Os12g0291000
AT2G39740	Os01g0846500
AT5G64010	Os04g0693250
AT5G66820	Os03g0186500
AT3G26670	Os02g0518100
AT1G16180	Os02g0792900
AT5G47790	Os08g0326100
AT1G10522	Os09g0382400
AT4G32720	Os02g0610400
AT5G13100	Os01g0102500
AT3G59670	Os05g0366300
AT3G61490	Os06g0106800
AT5G27620	Os03g0737600
AT5G66800	Os02g0762600
AT5G19410	Os05g0384600
AT5G45780	Os02g0236100
AT1G13630	Os10g0479200
AT5G01075	Os03g0206201
AT5G13960	Os01g0927000
AT5G05480	Os05g0395000
AT5G18700	Os01g0259400
AT5G64200	Os07g0623300
AT4G17616	Os07g0495300
AT1G78240	Os02g0755000
AT5G66090	Os09g0541700
AT1G18390	Os01g0136400
AT3G48150	Os02g0656300
AT1G34150	Os03g0381100
AT3G59090	Os01g0751300
AT5G52880	Os05g0526300
AT5G46290	Os06g0196600
AT1G67310	Os04g0388500
AT5G44000	Os02g0814800
AT3G01460	Os02g0192400
AT5G11950	Os01g0708500
AT1G50420	Os01g0948200
AT1G14730	Os03g0717200
AT3G59800	Os04g0496600
AT5G06060	Os03g0268900
AT3G24010	Os03g0143600
AT1G33811	Os12g0274200
AT5G57910	Os08g0270800
AT5G18580	Os05g0149800
AT1G12410	Os06g0136800
AT5G32470	Os08g0566000
AT5G05680	Os04g0608400
AT1G67480	Os02g0504900
AT2G18030	Os06g0138100
AT5G57740	Os02g0791200
AT1G71460	Os12g0202850
AT5G61850	Os04g0598300
AT2G20820	Os03g0581800
AT2G31060	Os01g0752700
AT5G19610	Os04g0117300
AT3G13224	Os08g0320100
AT2G26540	Os03g0186100
AT5G11840	Os05g0539900
AT3G04750	Os03g0743200
AT3G49170	Os05g0212100
AT5G66470	Os05g0567300
AT5G26860	Os07g0689300
AT4G24620	Os09g0465600
AT3G17970	Os03g0707900
AT3G12300	Os09g0510200
AT5G63860	Os04g0435700
AT2G02710	Os01g0186200
AT2G44730	Os10g0564200
AT4G30010	Os02g0175800
AT5G24260	Os02g0290600
AT2G13370	Os07g0660200
AT5G16160	Os01g0689600
AT5G58000	Os08g0280600
AT5G05310	Os12g0112300
AT1G80770	Os08g0158900
AT2G02850	Os03g0709300
AT3G01660	Os04g0481300
AT4G34540	Os02g0705000
AT3G06890	Os03g0343800
AT3G61140	Os03g0116500
AT1G73060	Os02g0117100
AT5G58020	Os06g0183900
AT2G39910	Os06g0694100
AT5G01400	Os07g0693900
AT2G36145	Os01g0862200
AT1G13980	Os03g0666100
AT5G57330	Os08g0241600
AT3G55340	Os03g0123200
AT2G33855	Os04g0475300
AT1G05460	Os03g0160400
AT3G11150	Os01g0830500
AT5G16920	Os12g0233900
AT1G30480	Os01g0526100
AT2G15270	Os09g0104300
AT4G28100	Os07g0557700
AT2G47830	Os03g0346800
AT3G18760	Os01g0220300
AT3G63470	Os07g0656900
AT5G21070	Os01g0277700
AT5G41580	Os06g0164000
AT1G18560	Os01g0111400
AT4G14170	Os05g0409800
AT3G44600	Os08g0557500
AT5G11900	Os01g0195500
AT4G01410	Os05g0367900
AT3G17640	Os06g0478600
AT1G74580	Os07g0101200
AT5G59690	Os01g0835900
AT5G15630	Os03g0416200
AT5G45550	Os03g0577200
AT5G11160	Os04g0504000
AT3G59710	Os02g0607700
AT1G02330	Os03g0374100
AT1G10270	Os05g0365500
AT5G14240	Os01g0184800
AT5G66850	Os07g0119000
AT4G03200	Os01g0935600
AT1G74700	Os02g0214300
AT2G42770	Os01g0730800
AT5G13150	Os12g0165600
AT5G52510	Os04g0580300
AT3G15180	Os05g0557200
AT5G64250	Os08g0485400
AT5G18810	Os03g0363800
AT2G40760	Os05g0323100
AT5G23710	Os06g0603400
AT1G80410	Os01g0617500
AT2G36060	Os09g0297100
AT5G18750	Os06g0535300
AT5G63140	Os09g0533300
AT3G48120	Os01g0687600
AT3G61860	Os04g0118900
AT3G02540	Os06g0264300
AT5G64790	Os06g0590600
AT3G27890	Os01g0953600
AT5G54160	Os08g0157500
AT5G47010	Os07g0495900
AT3G10390	Os04g0560300
AT5G46580	Os03g0856100
AT1G77670	Os09g0453800
AT3G43720	Os01g0814100
AT1G42440	Os11g0298400
AT4G32810	Os01g0746400
AT1G01080	Os08g0117100
AT1G76050	Os06g0717400
AT3G27000	Os08g0369300
AT3G49990	Os03g0372700
AT4G35905	Os10g0438700
AT5G66055	Os03g0135600
AT4G32750	Os02g0272400
AT1G74720	Os01g0587300
AT5G59140	Os11g0707700
AT3G48195	Os01g0549500
AT1G77800	Os02g0768750
AT3G26850	Os03g0214900
AT5G10780	Os03g0360500
AT5G06400	Os12g0456100
AT2G31870	Os03g0843900
AT3G26710	Os11g0526200
AT3G13840	Os03g0408600
AT4G12130	Os06g0134800
AT4G29170	Os09g0280600
AT1G47570	Os11g0175500
AT1G77090	Os12g0190200
AT5G01650	Os11g0107500
AT1G50450	Os12g0137200
AT3G44620	Os08g0557400
AT4G22830	Os04g0379400
AT5G43270	Os02g0139400
AT5G46700	Os03g0100020
AT5G65880	Os03g0675700
AT2G25910	Os01g0566900
AT5G56760	Os05g0533500
AT5G01840	Os05g0324600
AT5G13890	Os11g0534100
AT5G48600	Os05g0497150
AT5G66190	Os02g0103800
AT1G48130	Os07g0638300
AT5G49665	Os04g0101800
AT2G36950	Os03g0152000
AT5G23190	Os10g0486100
AT3G51290	Os09g0538700
AT4G37480	Os03g0761700
AT2G39770	Os03g0268400
AT3G03920	Os11g0579800
AT5G60570	Os04g0619300
AT1G74530	Os08g0171000
AT5G15680	Os02g0830801
AT3G24110	Os05g0147300
AT5G06160	Os03g0717600
AT3G14205	Os03g0182400
AT5G20280	Os08g0301500
AT3G02300	Os03g0599600
AT5G49940	Os11g0181500
AT5G48870	Os05g0389300
AT4G16410	Os07g0607200
AT5G06900	Os06g0613600
AT3G15130	Os04g0686500
AT4G16765	Os10g0523100
AT3G14750	Os07g0508200
AT2G37990	Os04g0685100
AT5G09380	Os04g0394500
AT3G01150	Os03g0376900
AT5G16650	Os02g0693200
AT3G16000	Os05g0180400
AT2G35980	Os04g0685300
AT1G68590	Os04g0461100
AT1G60200	Os08g0416400
AT5G17070	Os06g0300700
AT5G32440	Os06g0642900
AT5G61970	Os08g0323000
AT2G32280	Os07g0545100
AT1G20770	Os04g0509200
AT3G63190	Os07g0570700
AT3G16890	Os12g0557800
AT4G37930	Os03g0738400
AT3G20570	Os02g0162200
AT3G53760	Os05g0154500
AT4G35490	Os10g0466200
AT5G13020	Os08g0328300
AT1G08560	Os03g0736500
AT3G09250	Os02g0788500
AT3G03900	Os07g0573100
AT5G24740	Os08g0116700
AT1G16080	Os08g0266300
AT5G17690	Os10g0324900
AT1G51550	Os08g0230300
AT3G08760	Os01g0822200
AT3G17465	Os01g0251100
AT5G37570	Os04g0414800
AT3G48460	Os03g0844600
AT1G28320	Os05g0497700
AT5G10730	Os02g0556100
AT1G33270	Os11g0546300
AT3G54660	Os03g0163300
AT1G05960	Os01g0898300
AT2G45000	Os01g0856600
AT3G16660	Os07g0674400
AT1G12330	Os03g0249100
AT3G11210	Os11g0708400
AT5G16420	Os06g0125300
AT5G01160	Os10g0494500
AT2G33100	Os06g0336500
AT3G07640	Os02g0582400
AT1G02260	Os03g0147400
AT4G11410	Os09g0570300
AT1G55580	Os02g0197300
AT4G34320	Os03g0199100
AT5G22370	Os02g0555000
AT5G49800	Os11g0245500
AT2G38580	Os03g0333000
AT3G54890	Os06g0320500
AT5G54650	Os07g0545500
AT4G13200	Os04g0513000
AT3G56290	Os01g0823600
AT5G04240	Os03g0151300
AT5G48450	Os01g0100400
AT5G19330	Os05g0398100
AT4G09620	Os03g0838900
AT5G17860	Os03g0656500
AT3G29290	Os03g0211600
AT4G13220	Os12g0276100
AT1G62750	Os04g0538100
AT5G27920	Os12g0552700
AT4G29490	Os02g0224400
AT1G12740	Os02g0675400
AT3G54210	Os03g0815400
AT1G20410	Os04g0561700
AT4G13010	Os09g0503100
AT5G50180	Os02g0594100
AT2G30370	Os01g0824500
AT1G71960	Os11g0177400
AT5G49820	Os01g0886900
AT5G64816	Os03g0185600
AT3G62370	Os03g0309000
AT1G05120	Os07g0511500
AT3G57790	Os09g0487600
AT5G40480	Os09g0565500
AT5G19740	Os01g0743300
AT1G79200	Os02g0170200
AT5G01920	Os05g0480000
AT5G11650	Os01g0199400
AT2G26300	Os05g0333200
AT3G11890	Os08g0378800
AT2G38720	Os05g0409400
AT1G33265	Os04g0577800
AT5G14760	Os02g0134400
AT2G44520	Os01g0527700
AT3G17470	Os05g0161200
AT4G08940	Os09g0473400
AT3G60360	Os01g0810000
AT2G42910	Os02g0714600
AT5G13460	Os03g0355700
AT5G05980	Os03g0111100
AT2G23360	Os04g0649200
AT5G26170	Os05g0537100
AT3G17090	Os03g0832400
AT1G76150	Os09g0544900
AT3G27100	Os01g0920200
AT1G34210	Os08g0174700
AT1G01180	Os09g0518900
AT3G48210	Os05g0110700
AT2G41080	Os03g0816600
AT4G03110	Os01g0938200
AT4G17760	Os06g0132600
AT1G73840	Os05g0513300
AT3G17800	Os03g0717900
AT5G20590	Os06g0659400
AT5G55560	Os07g0584100
AT3G27960	Os02g0708400
AT3G51580	Os05g0478200
AT5G57410	Os08g0242900
AT4G29070	Os07g0658000
AT3G50430	Os07g0120700
AT1G12910	Os02g0524600
AT3G17670	Os04g0674100
AT2G22120	Os11g0604600
AT1G09280	Os12g0563400
AT1G14520	Os06g0561000
AT1G10240	Os04g0443000
AT5G11450	Os01g0617900
AT1G73177	Os07g0633800
AT1G50920	Os07g0110200
AT5G41761	Os01g0221400
AT1G67630	Os12g0242900
AT5G11060	Os06g0646600
AT4G11610	Os04g0683800
AT5G67100	Os01g0868300
AT1G50900	Os07g0520800
AT4G19840	Os01g0158400
AT2G31840	Os05g0417200
AT2G03780	Os01g0265900
AT4G24160	Os09g0520200
AT1G60790	Os04g0508000
AT5G21990	Os07g0161000
AT1G32583	Os12g0472500
AT1G13680	Os03g0415200
AT3G60590	Os04g0534500
AT5G16620	Os04g0439900
AT5G44150	Os05g0564000
AT1G15000	Os05g0582800
AT3G01120	Os03g0376100
AT4G24900	Os09g0506900
AT1G34000	Os01g0589800
AT3G09010	Os03g0264300
AT2G32590	Os01g0532800
AT2G03500	Os01g0176700
AT2G29630	Os03g0679700
AT3G20320	Os01g0974000
AT5G33370	Os02g0617400
AT5G26040	Os06g0571100
AT3G48890	Os10g0502600
AT3G13600	Os10g0411500
AT5G07990	Os10g0320100
AT1G14780	Os02g0736300
AT3G15080	Os08g0377400
AT3G09220	Os12g0259800
AT5G52830	Os02g0265200
AT1G42470	Os04g0563801
AT3G27120	Os12g0443800
AT1G45474	Os02g0764500
AT4G28660	Os01g0938100
AT5G13050	Os07g0578600
AT3G14580	Os04g0618050
AT3G17940	Os10g0155500
AT5G11600	Os05g0596200
AT4G04955	Os04g0680400
AT4G34570	Os12g0446900
AT3G06960	Os01g0251000
AT1G69390	Os12g0498400
AT3G44160	Os05g0510200
AT2G01390	Os10g0358700
AT2G38290	Os05g0468700
AT2G26350	Os07g0608800
AT2G45460	Os03g0127600
AT1G21830	Os04g0690500
AT1G15660	Os01g0617700
AT3G53270	Os10g0493800
AT5G21170	Os03g0319100
AT5G57770	Os04g0498000
AT4G09650	Os02g0750100
AT2G20190	Os04g0507500
AT1G29520	Os01g0699900
AT5G62390	Os06g0104400
AT3G54460	Os01g0952200
AT1G19230	Os09g0438000
AT1G56500	Os03g0311300
AT3G13060	Os08g0556000
AT2G30780	Os05g0407900
AT5G11870	Os01g0197500
AT1G07830	Os06g0128500
AT5G08720	Os03g0837900
AT4G34350	Os03g0731900
AT4G02080	Os01g0338000
AT4G20130	Os05g0587200
AT1G08390	Os03g0684300
AT4G24175	Os04g0250700
AT4G24840	Os03g0849600
AT2G15240	Os09g0109500
AT4G28020	Os09g0428900
AT3G55550	Os12g0574700
AT2G31900	Os03g0747900
AT5G27950	Os11g0648100
AT4G26240	Os01g0559300
AT4G19900	Os07g0567300
AT5G53580	Os10g0517400
AT3G54050	Os03g0267300
AT2G35630	Os01g0816400
AT4G29860	Os06g0131100
AT5G54600	Os06g0683200
AT5G21040	Os04g0619700
AT3G63440	Os05g0374200
AT4G13250	Os01g0227100
AT4G14605	Os02g0602400
AT2G36840	Os09g0570900
AT1G02410	Os03g0718600
AT2G39260	Os02g0631500
AT5G08580	Os02g0221800
AT4G35140	Os10g0544500
AT1G68360	Os01g0132766
AT5G58100	Os02g0469200
AT2G38750	Os05g0382600
AT5G16060	Os03g0257900
AT1G04730	Os03g0264800
AT5G11620	Os06g0554100
AT1G79790	Os11g0300400
AT3G11460	Os01g0819800
AT3G06120	Os05g0597000
AT2G33150	Os02g0817700
AT5G56270	Os08g0499300
AT3G55370	Os07g0236700
AT3G49070	Os03g0148000
AT3G54390	Os09g0558200
AT3G05240	Os08g0511000
AT3G49590	Os02g0644500
AT5G55000	Os03g0157500
AT4G38040	Os02g0187200
AT1G72710	Os05g0593800
AT1G03530	Os05g0502800
AT3G29310	Os05g0512400
AT4G36220	Os10g0512400
AT2G27460	Os05g0443300
AT4G37580	Os07g0116600
AT2G20540	Os05g0439300
AT2G41760	Os05g0387900
AT1G63910	Os08g0151300
AT4G25120	Os07g0492100
AT3G53130	Os10g0546600
AT5G11520	Os01g0760600
AT2G30695	Os09g0515400
AT2G14530	Os07g0498900
AT3G58730	Os04g0643100
AT5G53310	Os01g0621700
AT4G16510	Os02g0662200
AT2G24220	Os09g0557500
AT2G01460	Os04g0280200
AT4G18540	Os01g0613100
AT1G14060	Os03g0647400
AT2G30600	Os05g0345500
AT1G68490	Os12g0600701
AT1G54385	Os11g0580000
AT5G22620	Os11g0150100
AT4G14590	Os11g0171400
AT5G45950	Os02g0110000
AT1G53460	Os01g0203300
AT4G22260	Os04g0668900
AT5G11500	Os01g0750500
AT2G26800	Os01g0269000
AT5G57880	Os08g0555800
AT5G10920	Os03g0305500
AT5G12040	Os03g0175600
AT1G08460	Os05g0440250
AT4G34090	Os03g0109700
AT3G56310	Os07g0679300
AT4G35590	Os04g0564000
AT5G49320	Os01g0253400
AT1G48760	Os01g0512200
AT5G11780	Os01g0600300
AT5G52910	Os05g0210500
AT5G54520	Os02g0319800
AT4G22758	Os02g0448600
AT5G56130	Os09g0298400
AT3G48560	Os02g0510200
AT1G17410	Os02g0565100
AT3G62600	Os05g0156500
AT5G15750	Os04g0662100
AT5G16520	Os01g0100500
AT2G21820	Os08g0385000
AT5G17280	Os09g0530900
AT1G47640	Os03g0766000
AT3G13780	Os06g0565300
AT5G22450	Os01g0967100
AT2G03870	Os08g0177700
AT3G45100	Os07g0270950
AT5G37055	Os03g0367800
AT5G26230	Os05g0390600
AT1G13580	Os02g0581300
AT1G55480	Os07g0171100
AT5G09880	Os10g0439600
AT3G02090	Os03g0212700
AT4G39120	Os07g0191000
AT5G65740	Os03g0726900
AT5G60710	Os02g0806700
AT5G48370	Os09g0517700
AT2G04700	Os09g0249900
AT5G20140	Os06g0597900
AT5G60850	Os02g0726300
AT5G36210	Os06g0215300
AT1G13700	Os07g0604000
AT3G30340	Os06g0109200
AT4G28560	Os06g0627500
AT2G38480	Os05g0344400
AT5G01340	Os03g0292200
AT4G31010	Os08g0174900
AT5G13390	Os11g0528200
AT1G07910	Os07g0191700
AT3G55400	Os03g0209600
AT1G18100	Os06g0498800
AT1G31930	Os11g0206700
AT4G08320	Os04g0690300
AT1G78080	Os02g0752800
AT2G29530	Os07g0243100
AT5G26742	Os03g0827700
AT2G28910	Os09g0103700
AT3G55420	Os05g0459300
AT4G31200	Os06g0682700
AT1G56450	Os09g0515200
AT1G35620	Os04g0432500
AT3G10150	Os01g0941800
AT1G10030	Os12g0633200
AT5G51130	Os08g0540500
AT1G20510	Os03g0132000
AT1G19990	Os03g0249900
AT1G25540	Os09g0306700
AT4G15940	Os03g0829000
AT1G34355	Os11g0171700
AT4G29590	Os01g0712600
AT5G36890	Os01g0897600
AT1G24040	Os04g0465500
AT4G34940	Os09g0536200
AT5G20070	Os06g0141166
AT2G06050	Os08g0459600
AT4G33410	Os10g0393100
AT1G04950	Os01g0510800
AT1G31480	Os08g0110700
AT5G37850	Os12g0600400
AT3G02820	Os02g0762200
AT2G44420	Os06g0618150
AT1G14620	Os06g0300600
AT5G15290	Os06g0231050
AT3G51680	Os03g0299200
AT5G37710	Os06g0256300
AT4G33380	Os02g0761600
AT3G12640	Os08g0504600
AT4G36250	Os04g0540600
AT4G28390	Os05g0302700
AT4G01037	Os05g0571100
AT4G32430	Os07g0670000
AT5G13560	Os03g0281300
AT5G20490	Os03g0686300
AT4G34850	Os07g0411300
AT1G72820	Os10g0397800
AT2G21470	Os07g0586500
AT1G06240	Os01g0214400
AT3G55620	Os07g0639800
AT2G48120	Os05g0393400
AT2G03420	Os03g0210700
AT5G62000	Os01g0927600
AT1G35420	Os05g0429500
AT5G61540	Os04g0549300
AT2G44620	Os07g0222800
AT1G53210	Os01g0212400
AT5G02860	Os07g0590600
AT3G25910	Os01g0612600
AT5G57510	Os08g0448100
AT4G15850	Os02g0795900
AT2G47770	Os05g0151200
AT2G23140	Os08g0110500
AT3G22210	Os04g0657900
AT5G11550	Os05g0559350
AT4G24730	Os07g0688000
AT3G14930	Os01g0622300
AT2G13840	Os03g0192000
AT2G01890	Os03g0238600
AT5G45900	Os01g0614900
AT2G26710	Os02g0204700
AT5G49570	Os07g0497400
AT2G01210	Os01g0514700
AT4G32980	Os02g0226600
AT1G07740	Os05g0548600
AT5G45920	Os01g0214200
AT2G37230	Os02g0110400
AT1G53000	Os05g0561500
AT5G42220	Os07g0498800
AT4G37810	Os07g0132300
AT2G17640	Os03g0133900
AT3G16560	Os04g0403701
AT1G64970	Os02g0701600
AT1G69020	Os09g0475700
AT4G26180	Os02g0226300
AT3G21540	Os03g0151700
AT3G51930	Os01g0946100
AT2G44870	Os10g0569000
AT5G62020	Os08g0546800
AT5G60940	Os03g0754900
AT2G46270	Os05g0569300
AT4G36790	Os03g0809100
AT2G38680	Os03g0648900
AT1G72090	Os04g0434300
AT4G10330	Os01g0886500
AT2G27020	Os05g0490800
AT2G06000	Os04g0446100
AT1G10180	Os07g0568000
AT1G48270	Os06g0199800
AT5G46630	Os02g0690700
AT5G53930	Os07g0107900
AT2G21710	Os07g0134700
AT2G44060	Os03g0843300
AT1G04900	Os01g0911900
AT1G26330	Os09g0101800
AT3G22660	Os07g0475800
AT4G15470	Os05g0402300
AT2G18760	Os01g0102800
AT3G47830	Os06g0237900
AT5G48520	Os06g0186500
AT5G02140	Os11g0706600
AT5G37670	Os06g0253100
AT1G68070	Os02g0735900
AT3G20800	Os04g0613400
AT3G17300	Os12g0566100
AT1G51650	Os08g0250200
AT1G36310	Os02g0750500
AT2G26470	Os06g0470800
AT4G20760	Os12g0609500
AT1G08660	Os11g0572400
AT3G13550	Os07g0577400
AT5G14080	Os03g0782900
AT1G26740	Os03g0168900
AT3G52110	Os03g0174200
AT3G20820	Os08g0505900
AT3G26540	Os04g0436800
AT1G56420	Os12g0560600
AT5G02070	Os05g0318100
AT3G63540	Os08g0504500
AT1G29400	Os02g0319100
AT4G31790	Os03g0355800
AT2G19790	Os08g0395300
AT3G62420	Os05g0129300
AT1G65230	Os01g0912700
AT1G15390	Os01g0555800
AT3G02710	Os02g0831300
AT2G31340	Os09g0296400
AT1G70210	Os09g0382300
AT1G73730	Os09g0490200
AT5G15700	Os09g0246200
AT3G02850	Os06g0250600
AT1G04920	Os01g0919400
AT3G44730	Os04g0467901
AT1G78130	Os09g0371000
AT1G11760	Os10g0548400
AT1G64640	Os03g0115000
AT5G35080	Os06g0644800
